,Date,Temp_Min,Temp_Max,Temp_Avg,Temp_Dew_Point,Temp_Wet_Bulb,StnPressure,Day_Length,Ht_Cool,PrecipTotal
0,2007-05-01,51.0,83.5,67.5,51.0,56.5,29.14,841.0,-2.0,0.0
1,2007-05-02,42.5,59.5,51.5,42.0,47.0,29.41,843.0,14.0,0.0
2,2007-05-03,47.0,66.5,57.0,40.0,49.0,29.425,845.0,9.0,0.0
3,2007-05-04,50.0,72.0,58.0,41.5,50.0,29.335,848.0,7.0,0.0
4,2007-05-05,53.5,66.0,60.0,38.5,49.5,29.43,850.0,5.0,0.0
5,2007-05-06,50.5,68.0,59.5,30.0,46.0,29.595,853.0,6.0,0.0
6,2007-05-07,48.5,83.5,66.0,40.0,53.5,29.41,855.0,0.0,0.0
7,2007-05-08,57.0,81.0,69.0,57.5,62.5,29.325,858.0,-3.0,0.0
8,2007-05-09,62.0,76.5,69.5,59.5,63.0,29.245,860.0,-4.0,0.13
9,2007-05-10,57.5,83.5,70.5,52.0,60.5,29.23,862.0,-5.0,0.0
10,2007-05-11,50.0,71.5,61.0,43.0,51.0,29.36,864.0,4.0,0.0
11,2007-05-12,46.5,64.5,55.5,36.5,46.0,29.515,866.0,10.0,0.0
12,2007-05-13,43.5,69.0,56.5,32.5,46.0,29.52,868.0,9.0,0.0
13,2007-05-14,55.0,90.0,72.5,46.0,58.5,29.27,870.0,-8.0,0.0
14,2007-05-15,56.5,81.0,69.0,56.0,61.0,29.16,872.0,-4.0,0.38
15,2007-05-16,44.5,65.0,55.0,42.5,47.5,29.36,874.0,10.0,0.14
16,2007-05-17,43.5,61.5,53.0,32.0,43.0,29.585,876.0,12.0,0.0
17,2007-05-18,42.5,70.5,57.0,30.5,46.5,29.565,878.0,8.0,0.0
18,2007-05-19,56.0,80.0,68.0,38.0,53.0,29.375,880.0,-3.0,0.0
19,2007-05-20,43.5,69.0,56.5,40.5,44.5,29.41,882.0,9.0,0.07
20,2007-05-21,45.0,79.5,62.5,50.0,56.5,29.36,884.0,3.0,0.0
21,2007-05-22,57.5,87.0,72.5,45.0,58.0,29.375,886.0,-6.0,0.0
22,2007-05-23,63.0,89.0,76.5,48.5,61.0,29.43,887.0,-10.0,0.0
23,2007-05-24,64.5,88.0,76.5,53.5,63.0,29.44,889.0,-11.0,0.02
24,2007-05-25,56.5,68.0,62.5,45.0,53.0,29.54,891.0,2.0,0.0
25,2007-05-26,49.5,67.5,58.5,55.0,56.5,29.39,893.0,8.0,1.01
26,2007-05-27,58.0,75.0,66.5,48.0,56.5,29.375,894.0,-1.0,0.04
27,2007-05-28,52.0,77.5,65.0,48.0,56.5,29.46,895.0,0.0,0.0
28,2007-05-29,62.5,88.0,75.5,58.5,65.5,29.415,896.0,-9.0,0.0
29,2007-05-30,68.0,88.0,78.5,57.5,65.5,29.345,898.0,-12.0,0.0
30,2007-05-31,66.5,79.0,73.0,61.0,65.5,29.31,899.0,-7.0,0.01
31,2007-06-01,64.5,85.5,75.5,63.0,66.5,29.22,901.0,-9.0,0.19
32,2007-06-02,66.5,81.0,74.0,62.5,67.0,29.065,901.0,-8.0,0.04
33,2007-06-03,63.0,77.5,70.5,60.0,63.5,28.845,903.0,-5.0,0.01
34,2007-06-04,57.0,71.5,64.5,57.5,60.0,28.85,904.0,0.0,0.39
35,2007-06-05,49.0,63.5,56.5,47.5,51.5,29.13,906.0,9.0,0.42
36,2007-06-06,46.0,72.0,59.5,47.5,55.0,29.1,906.0,7.0,0.01
37,2007-06-07,71.0,91.5,81.5,61.5,68.5,28.875,907.0,-16.0,0.0
38,2007-06-08,60.0,81.0,70.5,53.5,61.5,29.21,908.0,-4.0,0.0
39,2007-06-09,54.5,79.0,67.0,48.0,57.5,29.39,909.0,-1.0,0.0
40,2007-06-10,58.0,81.0,69.5,50.5,59.5,29.365,910.0,-3.0,0.0
41,2007-06-11,61.5,85.5,73.5,51.5,61.0,29.44,910.0,-7.0,0.0
42,2007-06-12,64.0,82.5,73.5,50.5,60.5,29.465,911.0,-8.0,0.0
43,2007-06-13,64.0,86.5,75.5,53.0,62.0,29.36,911.0,-9.0,0.0
44,2007-06-14,66.0,89.0,78.0,54.5,63.5,29.33,912.0,-12.0,0.0
45,2007-06-15,65.0,90.0,77.5,56.0,64.5,29.31,912.0,-12.0,0.0
46,2007-06-16,67.0,92.5,80.0,60.5,67.5,29.295,913.0,-15.0,0.0
47,2007-06-17,70.5,91.0,81.0,64.5,70.0,29.255,913.0,-16.0,0.0
48,2007-06-18,71.0,89.0,80.0,65.0,70.0,29.155,913.0,-14.0,0.28
49,2007-06-19,65.0,80.5,73.0,55.0,63.0,29.285,914.0,-8.0,0.58
50,2007-06-20,61.5,84.5,73.5,51.0,61.0,29.425,914.0,-8.0,0.0
51,2007-06-21,63.5,78.5,71.0,51.0,60.5,29.385,914.0,-4.0,0.01
52,2007-06-22,61.5,75.5,69.0,49.5,58.0,29.36,914.0,-4.0,0.0
53,2007-06-23,61.5,67.5,65.0,59.0,61.5,29.255,914.0,0.0,0.05
54,2007-06-24,64.0,76.0,70.0,62.0,65.0,29.295,914.0,-5.0,0.0
55,2007-06-25,66.0,87.5,77.0,66.5,70.0,29.41,914.0,-12.0,0.0
56,2007-06-26,71.5,91.5,81.5,69.0,72.0,29.42,913.0,-16.0,0.16
57,2007-06-27,71.0,90.0,80.5,69.5,72.0,29.325,913.0,-16.0,0.15
58,2007-06-28,59.5,73.5,66.5,55.5,60.5,29.42,912.0,-1.0,0.0
59,2007-06-29,56.0,70.5,63.5,55.5,59.5,29.44,912.0,2.0,0.0
60,2007-06-30,56.0,78.0,67.5,47.5,57.0,29.435,912.0,-2.0,0.0
61,2007-07-01,57.5,75.5,67.0,51.5,58.5,29.535,911.0,0.0,0.0
62,2007-07-02,55.5,78.0,67.0,50.0,58.5,29.52,911.0,-1.0,0.0
63,2007-07-03,61.5,83.0,72.5,56.5,63.0,29.345,910.0,-7.0,0.4
64,2007-07-04,67.0,85.0,76.5,65.0,69.0,29.205,908.0,-12.0,0.16
65,2007-07-05,70.5,88.5,79.5,60.0,67.0,29.265,908.0,-15.0,0.0
66,2007-07-06,67.0,85.0,76.0,57.0,64.5,29.35,907.0,-11.0,0.0
67,2007-07-07,66.0,89.0,77.5,62.5,68.5,29.21,907.0,-12.0,0.0
68,2007-07-08,75.0,93.5,84.5,67.0,72.0,29.085,905.0,-20.0,0.0
69,2007-07-09,71.0,93.5,82.5,66.5,70.5,29.135,904.0,-17.0,0.3
70,2007-07-10,69.5,89.0,79.5,67.0,70.5,29.095,904.0,-14.0,0.43
71,2007-07-11,62.5,77.0,70.0,51.0,59.0,29.255,902.0,-5.0,0.0
72,2007-07-12,60.5,80.0,70.5,51.0,59.5,29.25,901.0,-6.0,0.0
73,2007-07-13,58.5,76.0,67.5,52.5,58.5,29.295,899.0,-3.0,0.0
74,2007-07-14,61.5,84.5,73.5,55.0,62.0,29.11,899.0,-8.0,0.0
75,2007-07-15,62.0,81.0,71.5,52.5,61.0,29.22,897.0,-6.0,0.0
76,2007-07-16,65.5,82.0,74.0,60.0,65.0,29.28,895.0,-9.0,0.39
77,2007-07-17,68.5,83.0,76.0,65.5,69.0,29.21,894.0,-11.0,0.11
78,2007-07-18,69.0,85.0,77.0,68.5,71.0,29.145,892.0,-12.0,1.55
79,2007-07-19,63.0,82.5,73.0,62.5,66.0,29.235,890.0,-8.0,0.16
80,2007-07-20,60.0,74.5,67.5,52.5,59.0,29.465,890.0,-2.0,0.0
81,2007-07-21,58.0,74.5,66.5,52.0,58.5,29.54,888.0,-1.0,0.0
82,2007-07-22,59.5,81.0,70.5,54.5,61.0,29.515,886.0,-5.0,0.0
83,2007-07-23,61.5,82.5,72.5,55.0,63.0,29.395,884.0,-7.0,0.0
84,2007-07-24,65.0,82.0,74.0,57.5,64.0,29.35,882.0,-9.0,0.0
85,2007-07-25,70.5,84.0,77.5,60.5,66.5,29.32,880.0,-13.0,0.0
86,2007-07-26,65.0,83.5,74.5,65.0,68.0,29.22,879.0,-10.0,0.19
87,2007-07-27,70.0,83.0,77.0,67.5,70.0,29.135,877.0,-12.0,0.17
88,2007-07-28,68.0,80.0,74.0,65.0,68.0,29.255,875.0,-8.0,0.0
89,2007-07-29,65.0,85.0,75.0,56.5,64.0,29.31,873.0,-9.0,0.0
90,2007-07-30,63.5,87.5,76.0,56.0,64.5,29.36,871.0,-11.0,0.0
91,2007-07-31,68.5,90.0,79.5,60.5,68.0,29.36,869.0,-15.0,0.0
92,2007-08-01,69.0,91.5,80.5,62.5,69.5,29.315,866.0,-16.0,0.0
93,2007-08-02,71.5,91.0,81.5,66.0,71.5,29.285,864.0,-16.0,0.0
94,2007-08-03,71.0,89.0,80.5,57.0,66.5,29.335,862.0,-15.0,0.0
95,2007-08-04,66.0,81.0,74.0,58.0,64.5,29.335,860.0,-8.0,0.03
96,2007-08-05,67.5,88.0,78.0,71.0,72.5,29.115,858.0,-13.0,1.43
97,2007-08-06,74.5,86.5,80.5,72.0,74.0,29.15,856.0,-16.0,0.26
98,2007-08-07,72.5,91.5,82.5,73.0,76.0,29.085,853.0,-17.0,1.31
99,2007-08-08,73.5,87.0,80.5,71.5,73.5,29.155,851.0,-15.0,0.06
100,2007-08-09,72.5,84.5,78.5,71.0,73.0,29.16,849.0,-13.0,0.05
101,2007-08-10,71.5,86.0,79.0,68.5,72.0,29.29,846.0,-13.0,0.0
102,2007-08-11,67.5,88.5,78.0,65.0,70.0,29.345,844.0,-13.0,0.0
103,2007-08-12,67.5,87.5,78.0,67.0,70.5,29.37,842.0,-13.0,0.29
104,2007-08-13,67.0,80.5,74.0,55.5,63.5,29.415,839.0,-8.0,0.0
105,2007-08-14,65.0,84.0,75.0,66.5,69.5,29.26,837.0,-10.0,0.41
106,2007-08-15,71.5,80.5,76.5,68.0,70.5,29.2,835.0,-11.0,0.23
107,2007-08-16,66.0,77.0,71.5,64.5,67.5,29.305,832.0,-6.0,0.0
108,2007-08-17,62.5,79.5,71.5,54.0,61.5,29.435,830.0,-5.0,0.0
109,2007-08-18,59.5,68.5,64.5,54.0,58.0,29.46,827.0,1.0,0.09
110,2007-08-19,62.0,68.5,65.5,62.5,64.0,29.27,825.0,0.0,1.33
111,2007-08-20,68.0,77.0,72.5,68.5,69.5,29.18,822.0,-8.0,0.91
112,2007-08-21,69.0,86.0,77.5,70.0,72.0,29.235,820.0,-13.0,0.0
113,2007-08-22,69.5,90.0,80.0,70.5,73.0,29.26,817.0,-15.0,0.37
114,2007-08-23,69.5,88.0,79.0,69.0,71.0,29.18,814.0,-13.0,2.35
115,2007-08-24,69.0,80.5,75.0,67.0,69.0,29.135,811.0,-10.0,0.24
116,2007-08-25,64.5,77.5,71.5,63.0,66.0,29.26,809.0,-7.0,0.34
117,2007-08-26,60.5,78.5,70.0,55.0,61.5,29.41,806.0,-5.0,0.0
118,2007-08-27,61.5,79.0,70.5,59.5,64.0,29.385,803.0,-5.0,0.0
119,2007-08-28,68.0,90.5,79.5,65.5,70.0,29.31,801.0,-14.0,0.0
120,2007-08-29,68.5,85.5,77.5,64.5,69.0,29.365,798.0,-12.0,0.0
121,2007-08-30,58.5,75.0,67.0,54.0,60.5,29.49,796.0,-1.0,0.0
122,2007-08-31,57.0,76.5,67.0,53.0,59.5,29.495,793.0,-2.0,0.0
123,2007-09-01,58.5,80.0,69.5,55.5,61.5,29.515,790.0,-4.0,0.0
124,2007-09-02,61.5,84.5,73.0,56.5,63.0,29.44,788.0,-8.0,0.0
125,2007-09-03,65.0,88.0,76.5,61.0,67.0,29.39,785.0,-12.0,0.0
126,2007-09-04,65.0,89.5,77.5,59.5,66.5,29.31,782.0,-11.0,0.0
127,2007-09-05,69.0,90.5,80.0,62.5,69.0,29.275,780.0,-13.0,0.0
128,2007-09-06,73.5,83.0,78.5,66.5,70.0,29.24,777.0,-13.0,0.18
129,2007-09-07,70.5,84.0,77.5,67.5,70.0,29.18,774.0,-12.0,0.19
130,2007-09-08,66.0,78.0,72.0,57.5,63.5,29.32,771.0,-6.0,0.0
131,2007-09-09,63.0,79.5,71.5,59.0,63.5,29.385,769.0,-7.0,0.0
132,2007-09-10,54.5,73.5,64.0,58.5,61.0,29.32,766.0,1.0,0.36
133,2007-09-11,50.5,71.0,61.0,44.0,52.0,29.23,763.0,4.0,0.0
134,2007-09-12,46.0,66.5,56.5,42.5,49.5,29.43,761.0,8.0,0.0
135,2007-09-13,51.5,78.5,65.0,44.0,54.0,29.265,758.0,1.0,0.0
136,2007-09-14,46.0,66.5,56.5,39.5,48.5,29.385,755.0,9.0,0.0
137,2007-09-15,40.5,61.5,51.0,34.0,44.0,29.59,752.0,15.0,0.0
138,2007-09-16,46.5,71.5,59.5,39.0,49.5,29.49,748.0,7.0,0.0
139,2007-09-17,53.5,80.0,67.0,48.5,57.0,29.425,745.0,-1.0,0.0
140,2007-09-18,64.5,88.5,77.0,57.5,65.0,29.375,741.0,-11.0,0.0
141,2007-09-19,66.5,84.0,75.5,59.0,65.0,29.44,739.0,-10.0,0.0
142,2007-09-20,61.5,77.0,69.5,59.0,63.5,29.415,736.0,-4.0,0.0
143,2007-09-21,66.0,89.0,77.5,59.0,66.0,29.205,733.0,-11.0,0.0
144,2007-09-22,54.5,73.0,64.0,44.0,54.0,29.45,730.0,2.0,0.0
145,2007-09-23,52.5,83.5,68.0,50.0,58.5,29.46,728.0,-2.0,0.0
146,2007-09-24,69.5,90.5,80.0,62.5,68.5,29.305,725.0,-14.0,0.0
147,2007-09-25,65.0,84.0,74.5,65.5,69.0,29.26,722.0,-9.0,0.27
148,2007-09-26,54.0,68.5,61.5,50.5,55.5,29.34,719.0,4.0,0.09
149,2007-09-27,50.5,74.5,62.5,49.0,55.0,29.285,717.0,3.0,0.0
150,2007-09-28,53.0,73.0,63.0,46.0,53.5,29.495,714.0,2.0,0.0
151,2007-09-29,51.0,81.0,66.0,45.5,55.0,29.535,711.0,0.0,0.0
152,2007-09-30,60.0,83.5,72.0,48.5,59.0,29.4,708.0,-6.0,0.14
153,2007-10-01,59.0,68.5,64.0,59.0,61.0,29.315,706.0,1.0,0.29
154,2007-10-02,58.0,79.0,69.0,59.0,63.0,29.215,703.0,-3.0,0.09
155,2007-10-03,55.5,74.0,65.0,47.5,56.0,29.31,700.0,0.0,0.0
156,2007-10-04,53.5,82.5,68.5,56.0,61.5,29.365,697.0,-2.0,0.0
157,2007-10-05,65.0,84.5,75.0,65.0,68.5,29.39,694.0,-8.0,0.0
158,2007-10-06,70.0,87.5,79.0,66.5,70.5,29.36,691.0,-13.0,0.0
159,2007-10-07,68.5,87.5,78.0,65.5,70.0,29.345,689.0,-12.0,0.0
160,2007-10-08,61.0,87.5,74.5,60.5,66.0,29.255,686.0,-9.0,0.0
161,2007-10-09,49.5,76.5,63.5,44.0,53.0,29.24,683.0,2.0,0.0
162,2007-10-10,47.0,53.5,50.5,37.5,44.0,29.235,681.0,14.0,0.0
163,2007-10-11,47.0,55.0,51.0,39.0,45.0,29.31,678.0,15.0,0.0
164,2007-10-12,43.0,56.5,50.0,35.0,43.0,29.31,675.0,16.0,0.0
165,2007-10-13,42.0,59.0,51.0,40.5,47.0,29.345,672.0,15.0,0.0
166,2007-10-14,54.0,62.0,58.0,48.0,52.5,29.37,669.0,8.0,0.15
167,2007-10-15,53.0,75.5,64.5,51.0,57.0,29.235,667.0,2.0,0.07
168,2007-10-16,54.0,67.5,61.0,54.5,57.5,29.195,664.0,5.0,0.24
169,2007-10-17,48.5,73.0,61.0,53.0,57.0,29.1,661.0,5.0,0.04
170,2007-10-18,59.5,78.5,69.5,56.5,61.5,28.63,659.0,-4.0,0.3
171,2007-10-19,52.5,60.5,56.5,48.0,52.0,28.785,656.0,9.0,0.01
172,2007-10-20,47.0,73.5,60.5,43.0,52.0,29.06,653.0,5.0,0.0
173,2007-10-21,60.5,79.5,70.0,46.5,56.5,29.115,650.0,-5.0,0.0
174,2007-10-22,46.5,66.5,57.0,47.0,50.5,29.29,648.0,8.0,0.16
175,2007-10-23,44.5,55.5,50.5,37.5,44.5,29.23,645.0,14.0,0.0
176,2007-10-24,44.0,54.0,49.0,35.0,42.5,29.485,643.0,16.0,0.0
177,2007-10-25,45.0,56.0,50.5,39.5,46.0,29.495,640.0,15.0,0.0
178,2007-10-26,53.0,65.5,59.5,48.5,52.0,29.345,637.0,6.0,0.33
179,2007-10-27,38.0,56.0,47.0,39.5,45.5,29.59,635.0,19.0,0.01
180,2007-10-28,34.0,56.0,45.0,30.0,39.0,29.825,632.0,20.0,0.0
181,2007-10-29,39.0,60.5,50.0,32.0,42.0,29.665,630.0,15.0,0.0
182,2007-10-30,41.5,66.0,54.0,37.5,46.0,29.47,627.0,11.0,0.0
183,2007-10-31,42.0,62.5,52.5,37.5,46.0,29.33,624.0,13.0,0.0
184,2008-05-01,48.0,73.5,61.0,51.0,56.5,28.98,841.0,4.0,0.0
185,2008-05-02,53.0,74.0,64.0,55.5,59.0,28.82,843.0,2.0,1.28
186,2008-05-03,43.5,56.0,50.0,41.5,46.0,29.045,845.0,15.0,0.0
187,2008-05-04,38.5,65.5,52.5,33.5,45.0,29.345,848.0,13.0,0.0
188,2008-05-05,50.0,74.5,62.5,38.0,50.0,29.305,850.0,2.0,0.0
189,2008-05-06,49.0,81.5,65.5,43.5,55.0,29.195,853.0,1.0,0.0
190,2008-05-07,49.5,70.5,60.5,52.5,56.0,29.0,855.0,5.0,0.76
191,2008-05-08,46.0,59.0,52.5,35.5,44.5,29.11,858.0,13.0,0.0
192,2008-05-09,41.5,58.0,50.0,34.5,43.5,29.175,860.0,15.0,0.0
193,2008-05-10,39.5,61.0,50.5,38.0,45.5,29.115,862.0,15.0,0.0
194,2008-05-11,46.5,59.0,53.0,43.5,47.5,28.87,864.0,13.0,0.95
195,2008-05-12,40.5,54.5,47.5,38.5,43.0,29.29,866.0,17.0,0.0
196,2008-05-13,42.5,73.0,58.0,45.0,51.5,29.24,868.0,8.0,0.08
197,2008-05-14,45.5,62.5,54.5,48.5,52.0,29.22,870.0,10.0,0.02
198,2008-05-15,43.0,57.0,50.0,37.0,45.0,29.355,872.0,15.0,0.0
199,2008-05-16,40.5,72.5,57.0,41.0,50.0,29.13,874.0,8.0,0.0
200,2008-05-17,51.0,73.0,62.5,41.0,52.0,28.905,876.0,2.0,0.12
201,2008-05-18,44.5,55.0,50.0,39.5,45.5,28.955,878.0,15.0,0.0
202,2008-05-19,41.0,59.5,50.5,33.5,43.5,28.99,880.0,15.0,0.0
203,2008-05-20,48.0,65.0,57.0,37.0,47.0,28.97,882.0,8.0,0.0
204,2008-05-21,43.0,65.5,54.5,36.0,46.0,29.025,884.0,11.0,0.0
205,2008-05-22,46.0,57.5,52.0,38.0,45.0,29.265,886.0,13.0,0.0
206,2008-05-23,47.0,58.0,53.0,39.5,45.5,29.44,887.0,13.0,0.0
207,2008-05-24,42.0,67.5,55.0,39.0,48.0,29.475,889.0,11.0,0.0
208,2008-05-25,47.5,78.0,63.0,49.0,57.0,29.22,891.0,4.0,0.0
209,2008-05-26,50.0,82.5,66.5,60.0,64.5,29.14,893.0,1.0,0.48
210,2008-05-27,43.5,51.5,47.5,35.5,42.5,29.52,894.0,19.0,0.0
211,2008-05-28,44.0,61.5,53.0,33.5,43.5,29.63,895.0,12.0,0.0
212,2008-05-29,43.5,67.5,56.0,37.5,47.5,29.425,896.0,10.0,0.01
213,2008-05-30,56.5,77.0,67.0,59.5,62.5,29.06,898.0,-1.0,0.4
214,2008-05-31,59.5,79.0,69.5,56.0,62.0,29.125,899.0,-4.0,0.0
215,2008-06-01,54.5,72.5,64.0,46.5,55.0,29.26,901.0,1.0,0.0
216,2008-06-02,58.5,85.5,72.0,52.5,60.5,29.185,901.0,-6.0,0.0
217,2008-06-03,56.0,71.5,64.0,56.5,58.5,28.995,903.0,3.0,0.52
218,2008-06-04,56.5,78.0,67.5,60.0,62.5,28.925,904.0,-1.0,0.0
219,2008-06-05,64.0,87.5,76.0,68.5,71.5,29.03,906.0,-9.0,0.64
220,2008-06-06,73.0,86.5,80.0,68.5,72.0,29.105,906.0,-15.0,0.0
221,2008-06-07,70.5,84.5,77.5,71.0,73.0,29.195,907.0,-12.0,0.11
222,2008-06-08,64.5,86.0,75.5,68.5,70.5,29.145,908.0,-10.0,1.24
223,2008-06-09,65.0,74.0,70.0,64.0,66.0,29.135,909.0,-5.0,0.14
224,2008-06-10,59.5,79.5,69.5,56.0,62.0,29.215,910.0,-4.0,0.0
225,2008-06-11,63.5,86.0,75.0,55.5,64.0,29.31,910.0,-9.0,0.0
226,2008-06-12,73.0,91.0,82.0,63.0,69.5,29.23,911.0,-17.0,0.0
227,2008-06-13,65.5,82.0,74.0,62.5,66.0,29.245,911.0,-9.0,0.39
228,2008-06-14,60.0,84.0,72.5,52.5,61.5,29.26,912.0,-7.0,0.0
229,2008-06-15,60.5,81.5,71.0,60.0,64.0,29.19,912.0,-6.0,0.18
230,2008-06-16,59.5,73.0,66.5,49.0,57.0,29.225,913.0,-1.0,0.0
231,2008-06-17,55.5,76.0,66.0,46.0,55.0,29.29,913.0,-1.0,0.0
232,2008-06-18,57.0,76.0,67.0,48.5,56.0,29.235,913.0,-2.0,0.0
233,2008-06-19,53.5,80.5,67.5,46.5,56.5,29.24,914.0,-2.0,0.0
234,2008-06-20,59.0,82.5,71.0,52.5,59.5,29.275,914.0,-5.0,0.09
235,2008-06-21,61.5,82.5,72.5,52.5,61.0,29.265,914.0,-7.0,0.01
236,2008-06-22,59.0,81.5,70.5,52.5,59.5,29.205,914.0,-5.0,0.16
237,2008-06-23,56.5,76.5,67.0,54.0,59.0,29.355,914.0,-2.0,0.0
238,2008-06-24,56.0,82.0,69.5,52.5,60.0,29.465,914.0,-4.0,0.0
239,2008-06-25,66.5,79.0,73.0,64.5,67.5,29.31,914.0,-8.0,0.08
240,2008-06-26,70.5,86.5,78.5,66.5,70.5,29.18,913.0,-13.0,0.0
241,2008-06-27,67.5,84.5,76.0,67.0,70.0,29.08,913.0,-10.0,0.0
242,2008-06-28,65.0,83.5,74.5,55.0,63.0,29.015,912.0,-9.0,0.04
243,2008-06-29,60.5,76.0,68.5,58.0,61.0,29.105,912.0,-3.0,0.58
244,2008-06-30,59.0,80.5,70.0,49.5,58.0,29.31,912.0,-5.0,0.0
245,2008-07-01,57.5,83.5,71.0,50.5,60.0,29.27,911.0,-6.0,0.0
246,2008-07-02,63.0,88.0,75.5,62.0,66.5,29.115,911.0,-10.0,0.2
247,2008-07-03,57.0,71.0,64.0,51.0,57.0,29.365,910.0,2.0,0.0
248,2008-07-04,55.0,75.5,65.5,50.0,57.5,29.375,908.0,1.0,0.0
249,2008-07-05,55.5,79.5,67.5,52.0,59.5,29.335,908.0,-2.0,0.0
250,2008-07-06,61.0,87.5,74.5,57.5,65.0,29.245,907.0,-8.0,0.0
251,2008-07-07,72.5,87.0,80.0,67.5,71.0,29.185,907.0,-14.0,0.03
252,2008-07-08,58.0,85.5,78.0,67.5,71.0,29.13,905.0,-13.0,0.03
253,2008-07-09,67.0,85.0,76.0,55.0,63.5,29.285,904.0,-11.0,0.0
254,2008-07-10,64.0,83.0,73.5,62.5,66.5,29.295,904.0,-8.0,0.72
255,2008-07-11,64.0,88.5,76.5,65.0,69.0,29.265,902.0,-11.0,0.34
256,2008-07-12,65.5,82.0,74.0,63.5,66.5,29.22,901.0,-8.0,0.73
257,2008-07-13,61.5,79.0,70.5,53.5,61.0,29.15,899.0,-6.0,0.0
258,2008-07-14,62.0,84.0,73.0,54.0,62.0,29.25,899.0,-8.0,0.0
259,2008-07-15,64.0,90.5,77.5,62.5,68.5,29.33,897.0,-11.0,0.0
260,2008-07-16,72.0,90.5,81.5,66.5,70.5,29.415,895.0,-16.0,0.0
261,2008-07-17,72.5,89.5,81.0,66.0,71.0,29.36,894.0,-15.0,0.0
262,2008-07-18,73.5,88.5,81.0,67.5,71.5,29.27,892.0,-15.0,0.04
263,2008-07-19,68.5,79.0,74.0,69.0,70.0,29.215,890.0,-8.0,1.61
264,2008-07-20,68.0,86.0,77.0,68.0,71.0,29.225,890.0,-12.0,0.74
265,2008-07-21,69.0,83.5,76.5,65.5,68.5,29.235,888.0,-11.0,0.13
266,2008-07-22,64.5,76.0,70.5,60.0,64.0,29.335,886.0,-5.0,0.0
267,2008-07-23,60.0,81.0,71.0,52.0,60.5,29.415,884.0,-6.0,0.0
268,2008-07-24,59.5,82.0,71.0,52.5,61.0,29.36,882.0,-6.0,0.0
269,2008-07-25,63.0,83.0,73.5,63.0,67.0,29.295,880.0,-7.0,0.0
270,2008-07-26,66.0,84.5,75.5,58.0,65.5,29.25,879.0,-10.0,0.0
271,2008-07-27,62.5,83.0,73.0,58.0,64.5,29.19,877.0,-8.0,0.0
272,2008-07-28,68.0,84.5,76.5,63.0,67.5,29.185,875.0,-11.0,0.0
273,2008-07-29,67.5,88.5,78.5,67.0,70.5,29.175,873.0,-12.0,0.05
274,2008-07-30,72.0,89.5,81.0,66.0,70.5,29.07,871.0,-16.0,0.0
275,2008-07-31,71.5,89.0,80.5,68.0,71.0,29.085,869.0,-16.0,0.14
276,2008-08-01,70.0,89.0,80.0,68.5,72.5,29.115,866.0,-14.0,1.05
277,2008-08-02,66.5,80.5,73.5,59.5,65.0,29.26,864.0,-8.0,0.0
278,2008-08-03,62.0,84.5,73.5,61.0,66.5,29.27,862.0,-8.0,0.0
279,2008-08-04,69.5,87.5,79.0,68.5,70.5,29.21,860.0,-14.0,2.43
280,2008-08-05,70.0,87.5,79.0,68.0,71.5,29.27,858.0,-13.0,0.0
281,2008-08-06,67.0,84.0,76.0,60.0,66.0,29.32,856.0,-11.0,0.0
282,2008-08-07,63.5,81.5,72.5,56.5,63.0,29.285,853.0,-8.0,0.0
283,2008-08-08,63.5,78.5,71.0,54.0,61.0,29.315,851.0,-6.0,0.0
284,2008-08-09,61.5,79.0,70.5,58.0,62.5,29.225,849.0,-6.0,0.0
285,2008-08-10,59.5,74.0,67.0,52.5,58.5,29.335,846.0,-1.0,0.0
286,2008-08-11,59.5,76.5,68.0,57.0,61.5,29.33,844.0,-3.0,0.0
287,2008-08-12,61.5,77.0,69.5,57.0,62.0,29.2,842.0,-4.0,0.0
288,2008-08-13,66.0,78.0,72.5,59.0,63.0,29.14,839.0,-8.0,0.06
289,2008-08-14,64.0,78.5,71.5,60.0,64.0,29.255,837.0,-6.0,0.0
290,2008-08-15,61.0,78.0,70.0,54.5,61.0,29.465,835.0,-5.0,0.0
291,2008-08-16,58.5,82.5,71.0,53.0,61.0,29.43,832.0,-6.0,0.0
292,2008-08-17,63.0,84.5,74.0,59.5,65.0,29.31,830.0,-9.0,0.0
293,2008-08-18,65.0,85.0,75.0,57.5,64.5,29.295,827.0,-10.0,0.0
294,2008-08-19,64.0,83.0,74.0,64.0,67.5,29.4,825.0,-8.0,0.0
295,2008-08-20,66.0,81.0,73.5,59.5,65.0,29.43,822.0,-8.0,0.0
296,2008-08-21,68.5,82.0,75.5,60.5,66.0,29.335,820.0,-10.0,0.0
297,2008-08-22,73.5,83.5,79.0,68.5,71.5,29.355,817.0,-13.0,0.09
298,2008-08-23,68.5,88.5,79.0,67.0,70.5,29.335,814.0,-13.0,0.0
299,2008-08-24,64.0,77.5,71.0,57.0,62.5,29.36,811.0,-5.0,0.0
300,2008-08-25,65.0,74.0,69.5,55.0,60.5,29.385,809.0,-4.0,0.0
301,2008-08-26,61.0,75.5,68.5,54.5,60.5,29.315,806.0,-4.0,0.0
302,2008-08-27,60.5,82.5,71.5,56.5,63.0,29.225,803.0,-7.0,0.0
303,2008-08-28,65.0,80.5,73.0,64.5,67.5,29.125,801.0,-7.0,0.06
304,2008-08-29,65.5,84.5,75.5,59.5,65.5,29.265,798.0,-10.0,0.04
305,2008-08-30,58.5,87.0,73.0,55.0,63.0,29.415,796.0,-7.0,0.0
306,2008-08-31,62.5,89.5,76.0,56.5,64.5,29.44,793.0,-10.0,0.0
307,2008-09-01,64.5,89.5,77.0,54.0,63.5,29.395,790.0,-11.0,0.0
308,2008-09-02,66.5,94.5,81.0,61.0,68.0,29.335,788.0,-15.0,0.0
309,2008-09-03,67.0,77.0,72.5,61.0,64.5,29.325,785.0,-7.0,0.02
310,2008-09-04,62.0,67.5,65.0,62.0,63.0,29.105,782.0,1.0,2.9
311,2008-09-05,57.5,69.0,63.5,57.0,59.5,29.25,780.0,1.0,0.0
312,2008-09-06,54.5,74.0,64.5,54.0,58.5,29.31,777.0,1.0,0.01
313,2008-09-07,56.5,74.0,65.5,51.5,57.5,29.38,774.0,0.0,0.0
314,2008-09-08,52.5,68.5,61.0,53.0,55.5,29.43,771.0,5.0,1.23
315,2008-09-09,49.0,68.5,59.0,45.5,52.0,29.48,769.0,6.0,0.0
316,2008-09-10,49.0,72.0,60.5,47.5,54.0,29.505,766.0,5.0,0.0
317,2008-09-11,56.0,79.0,67.5,57.0,61.5,29.365,763.0,-2.0,0.0
318,2008-09-12,69.0,73.0,71.0,67.5,68.5,29.25,761.0,-6.0,0.37
319,2008-09-13,68.5,76.0,72.5,70.0,71.0,29.005,758.0,-7.0,6.64
320,2008-09-14,58.0,72.0,65.0,61.5,62.5,28.99,755.0,0.0,1.44
321,2008-09-15,54.0,64.0,59.0,52.0,55.5,29.44,752.0,7.0,0.0
322,2008-09-16,49.5,71.0,60.5,50.0,55.0,29.495,748.0,5.0,0.0
323,2008-09-17,57.5,82.5,70.5,56.0,60.5,29.49,745.0,-5.0,0.0
324,2008-09-18,59.0,74.0,66.5,55.5,60.0,29.59,741.0,0.0,0.0
325,2008-09-19,56.0,78.0,67.5,53.5,59.5,29.495,739.0,-1.0,0.0
326,2008-09-20,57.5,82.0,70.0,56.5,61.5,29.485,736.0,-4.0,0.0
327,2008-09-21,59.0,80.0,69.5,61.0,64.5,29.575,733.0,-4.0,0.0
328,2008-09-22,62.0,81.5,72.0,59.0,64.0,29.62,730.0,-6.0,0.0
329,2008-09-23,61.0,82.5,72.0,56.5,62.5,29.59,728.0,-6.0,0.0
330,2008-09-24,59.5,82.0,71.0,58.0,63.0,29.57,725.0,-5.0,0.2
331,2008-09-25,64.5,77.5,71.0,61.0,64.5,29.565,722.0,-5.0,0.0
332,2008-09-26,59.5,78.5,69.0,54.5,60.5,29.445,719.0,-4.0,0.0
333,2008-09-27,54.0,80.5,67.5,54.0,60.0,29.36,717.0,-2.0,0.0
334,2008-09-28,58.5,68.5,64.0,57.0,60.0,29.435,714.0,2.0,0.0
335,2008-09-29,55.0,64.5,60.0,56.0,58.0,29.285,711.0,6.0,0.82
336,2008-09-30,48.0,60.0,54.5,44.5,49.5,29.24,708.0,11.0,0.0
337,2008-10-01,46.0,61.5,54.0,40.5,47.0,29.27,706.0,11.0,0.0
338,2008-10-02,42.5,61.5,52.5,40.0,47.0,29.21,703.0,13.0,0.0
339,2008-10-03,46.5,59.5,53.0,42.5,48.0,29.37,700.0,13.0,0.01
340,2008-10-04,40.0,60.5,50.5,38.5,45.5,29.54,697.0,15.0,0.0
341,2008-10-05,43.5,61.0,52.5,42.0,48.5,29.54,694.0,14.0,0.06
342,2008-10-06,55.0,69.5,62.5,46.5,54.0,29.52,691.0,3.0,0.0
343,2008-10-07,56.0,64.0,60.5,52.0,56.0,29.275,689.0,5.0,0.8
344,2008-10-08,51.0,63.5,57.5,51.5,54.5,29.165,686.0,8.0,0.19
345,2008-10-09,47.5,69.0,58.5,38.5,49.0,29.385,683.0,7.0,0.0
346,2008-10-10,44.0,72.5,58.5,41.5,50.5,29.495,681.0,8.0,0.0
347,2008-10-11,53.0,79.5,66.5,50.0,57.0,29.55,678.0,0.0,0.0
348,2008-10-12,59.5,85.0,72.5,55.0,61.5,29.58,675.0,-6.0,0.0
349,2008-10-13,62.5,78.0,70.5,57.5,63.0,29.505,672.0,-4.0,0.0
350,2008-10-14,54.0,69.5,62.0,43.0,51.5,29.515,669.0,4.0,0.0
351,2008-10-15,48.5,63.5,56.0,50.5,53.5,29.365,667.0,10.0,0.3
352,2008-10-16,43.5,59.0,51.5,38.5,44.5,29.545,664.0,14.0,0.0
353,2008-10-17,43.5,56.5,50.0,39.5,45.0,29.56,661.0,15.0,0.0
354,2008-10-18,44.5,60.0,52.5,40.5,46.0,29.615,659.0,13.0,0.05
355,2008-10-19,42.0,62.0,52.0,37.0,45.5,29.53,656.0,14.0,0.0
356,2008-10-20,43.5,55.5,49.5,42.5,46.5,29.51,653.0,16.0,0.18
357,2008-10-21,38.5,55.0,47.0,36.0,42.5,29.67,650.0,18.0,0.0
358,2008-10-22,37.5,53.0,45.5,29.5,40.0,29.68,648.0,21.0,0.0
359,2008-10-23,40.5,59.0,50.0,35.0,43.5,29.53,645.0,15.0,0.16
360,2008-10-24,44.5,55.0,50.0,44.0,47.0,29.215,643.0,16.0,0.32
361,2008-10-25,43.0,53.0,48.0,40.5,44.5,29.055,640.0,17.0,0.0
362,2008-10-26,36.5,56.0,46.5,33.0,41.0,29.135,637.0,18.0,0.0
363,2008-10-27,33.5,47.0,40.5,27.5,35.0,29.54,635.0,25.0,0.0
364,2008-10-28,31.5,45.0,38.5,23.0,33.0,29.57,632.0,27.0,0.0
365,2008-10-29,32.5,51.0,42.0,24.5,34.5,29.505,630.0,23.0,0.0
366,2008-10-30,32.5,62.5,48.0,31.5,41.0,29.61,627.0,18.0,0.0
367,2008-10-31,48.5,70.5,59.5,46.0,51.0,29.605,624.0,6.0,0.0
368,2009-05-01,47.0,61.0,54.0,41.0,47.5,29.295,841.0,12.0,0.02
369,2009-05-02,44.5,65.5,55.0,33.5,45.5,29.245,843.0,10.0,0.0
370,2009-05-03,44.0,70.0,57.5,34.5,47.5,29.225,845.0,8.0,0.0
371,2009-05-04,46.0,70.0,58.5,35.0,47.5,29.34,848.0,8.0,0.0
372,2009-05-05,51.5,70.5,61.0,40.5,50.5,29.25,850.0,5.0,0.0
373,2009-05-06,53.5,75.0,64.5,51.0,55.5,29.09,853.0,2.0,0.67
374,2009-05-07,56.0,77.0,67.0,52.5,57.5,29.045,855.0,-2.0,0.19
375,2009-05-08,55.0,75.5,65.5,54.0,58.5,28.97,858.0,0.0,0.02
376,2009-05-09,45.5,63.5,55.0,44.0,48.5,29.225,860.0,10.0,0.0
377,2009-05-10,41.5,67.0,54.5,39.5,46.5,29.44,862.0,11.0,0.0
378,2009-05-11,39.5,61.0,50.5,34.5,44.0,29.5,864.0,15.0,0.0
379,2009-05-12,41.5,71.5,56.5,33.0,47.0,29.41,866.0,10.0,0.0
380,2009-05-13,53.5,70.5,62.5,57.0,59.0,29.045,868.0,3.0,0.55
381,2009-05-14,54.0,68.5,61.5,44.0,52.5,29.345,870.0,4.0,0.0
382,2009-05-15,53.5,62.0,58.0,51.5,54.5,29.31,872.0,8.0,0.39
383,2009-05-16,46.0,62.0,54.5,40.5,49.5,29.385,874.0,11.0,0.0
384,2009-05-17,40.0,61.0,50.5,27.5,42.0,29.635,876.0,14.0,0.0
385,2009-05-18,42.5,66.5,54.5,31.5,45.0,29.58,878.0,12.0,0.0
386,2009-05-19,53.0,80.0,66.5,43.5,54.5,29.515,880.0,-1.0,0.0
387,2009-05-20,61.0,84.5,73.0,43.5,57.0,29.435,882.0,-8.0,0.0
388,2009-05-21,60.0,84.5,72.5,48.5,59.0,29.41,884.0,-7.0,0.0
389,2009-05-22,54.5,69.5,62.0,46.5,53.5,29.48,886.0,4.0,0.0
390,2009-05-23,52.5,79.5,66.0,50.5,57.5,29.36,887.0,0.0,0.0
391,2009-05-24,55.5,70.5,63.0,46.5,53.5,29.365,889.0,2.0,0.0
392,2009-05-25,55.0,65.5,60.5,44.5,52.0,29.305,891.0,4.0,0.04
393,2009-05-26,54.5,75.0,65.0,52.5,56.5,29.105,893.0,1.0,1.73
394,2009-05-27,56.5,74.0,65.5,59.0,61.5,28.985,894.0,1.0,0.02
395,2009-05-28,54.5,63.0,59.0,51.0,54.0,29.085,895.0,7.0,0.0
396,2009-05-29,52.5,75.5,64.0,49.0,55.0,29.2,896.0,3.0,0.0
397,2009-05-30,51.5,79.0,65.5,46.0,54.5,29.12,898.0,0.0,0.0
398,2009-05-31,47.0,72.5,60.0,42.0,51.0,29.235,899.0,6.0,0.0
399,2009-06-01,51.5,79.0,65.5,53.5,57.5,29.22,901.0,0.0,0.44
400,2009-06-02,49.0,60.5,55.0,46.5,50.5,29.39,901.0,11.0,0.12
401,2009-06-03,45.0,61.0,53.0,39.5,47.0,29.445,903.0,13.0,0.0
402,2009-06-04,44.5,68.0,56.5,37.5,48.5,29.335,904.0,10.0,0.0
403,2009-06-05,45.5,79.5,63.0,43.5,54.0,29.205,906.0,3.0,0.0
404,2009-06-06,53.0,64.5,59.0,46.5,51.5,29.23,906.0,8.0,0.02
405,2009-06-07,54.0,73.5,64.0,53.5,58.0,29.175,907.0,2.0,0.04
406,2009-06-08,53.5,81.0,67.5,60.5,64.0,29.085,908.0,-1.0,0.45
407,2009-06-09,55.5,67.0,61.5,53.0,56.0,29.26,909.0,4.0,0.0
408,2009-06-10,54.5,67.0,61.0,49.5,54.0,29.18,910.0,4.0,0.01
409,2009-06-11,53.0,62.0,58.0,52.0,54.0,29.14,910.0,6.0,0.01
410,2009-06-12,49.5,73.0,61.5,49.0,55.0,29.27,911.0,3.0,0.0
411,2009-06-13,55.0,67.0,61.0,51.5,55.0,29.31,911.0,4.0,0.33
412,2009-06-14,52.5,76.5,64.5,49.0,57.0,29.315,912.0,1.0,0.0
413,2009-06-15,55.0,81.0,68.0,49.0,58.0,29.31,912.0,-2.0,0.0
414,2009-06-16,61.5,71.0,66.5,56.0,60.5,29.18,913.0,0.0,1.23
415,2009-06-17,62.0,72.0,67.0,59.5,62.5,29.185,913.0,-1.0,0.0
416,2009-06-18,62.0,80.5,71.5,63.5,67.0,29.115,913.0,-6.0,0.12
417,2009-06-19,65.5,87.0,76.5,67.5,69.5,29.0,914.0,-11.0,3.97
418,2009-06-20,68.5,87.5,78.5,65.0,70.0,29.105,914.0,-13.0,0.0
419,2009-06-21,70.5,85.0,78.0,63.5,68.5,29.145,914.0,-12.0,0.01
420,2009-06-22,69.0,89.0,79.5,67.0,71.0,29.12,914.0,-14.0,0.09
421,2009-06-23,73.0,93.0,83.5,68.5,73.0,29.19,914.0,-18.0,0.0
422,2009-06-24,74.0,93.5,84.0,68.0,73.0,29.185,914.0,-20.0,0.04
423,2009-06-25,75.5,93.5,85.0,68.5,73.0,29.115,914.0,-20.0,0.0
424,2009-06-26,70.5,86.0,78.5,60.5,67.0,29.2,913.0,-13.0,0.0
425,2009-06-27,64.5,89.5,77.5,60.5,67.0,29.14,913.0,-11.0,0.3
426,2009-06-28,67.0,83.0,75.5,53.0,62.0,29.04,912.0,-10.0,0.0
427,2009-06-29,64.0,77.5,71.0,54.0,61.0,28.92,912.0,-5.0,0.0
428,2009-06-30,60.0,67.0,64.0,53.0,57.5,28.975,912.0,2.0,0.0
429,2009-07-01,57.0,65.0,61.0,53.0,56.5,29.1,911.0,4.0,0.0
430,2009-07-02,59.5,73.0,66.5,54.5,60.0,29.285,911.0,-1.0,0.0
431,2009-07-03,62.5,79.0,71.0,56.0,62.0,29.385,910.0,-6.0,0.0
432,2009-07-04,61.0,69.0,65.0,58.0,61.5,29.285,908.0,1.0,0.2
433,2009-07-05,59.0,81.5,70.5,58.5,63.5,29.225,908.0,-4.0,0.05
434,2009-07-06,61.5,85.5,73.5,54.0,62.5,29.17,907.0,-8.0,0.0
435,2009-07-07,62.0,76.5,69.5,54.5,60.5,29.21,907.0,-3.0,0.0
436,2009-07-08,61.5,66.5,64.0,55.5,59.0,29.31,905.0,2.0,0.06
437,2009-07-09,61.0,79.5,70.5,57.5,63.5,29.38,904.0,-4.0,0.0
438,2009-07-10,65.0,83.0,74.5,64.5,67.5,29.375,904.0,-8.0,0.08
439,2009-07-11,65.5,85.0,75.5,59.5,66.0,29.365,902.0,-9.0,0.25
440,2009-07-12,59.0,82.0,70.5,50.5,60.0,29.38,901.0,-5.0,0.0
441,2009-07-13,63.5,78.5,71.0,47.0,58.0,29.385,899.0,-5.0,0.0
442,2009-07-14,57.5,80.5,69.5,50.0,59.5,29.375,899.0,-3.0,0.0
443,2009-07-15,66.0,85.5,76.0,62.0,67.0,29.205,897.0,-10.0,0.68
444,2009-07-16,64.5,81.0,73.0,56.5,62.5,29.2,895.0,-7.0,0.0
445,2009-07-17,57.5,70.0,64.0,51.5,56.5,29.18,894.0,1.0,0.0
446,2009-07-18,57.5,72.5,65.5,52.0,57.5,29.335,892.0,0.0,0.0
447,2009-07-19,58.5,72.0,65.5,52.5,58.5,29.42,890.0,1.0,0.0
448,2009-07-20,57.0,76.0,67.0,55.5,60.5,29.39,890.0,-1.0,0.0
449,2009-07-21,61.0,81.0,71.0,56.5,62.5,29.305,888.0,-4.0,0.04
450,2009-07-22,64.5,78.5,72.0,60.0,64.0,29.255,886.0,-6.0,0.0
451,2009-07-23,62.5,80.5,71.5,59.0,63.5,29.235,884.0,-7.0,0.0
452,2009-07-24,61.5,83.0,72.5,59.5,64.5,29.11,882.0,-7.0,0.14
453,2009-07-25,66.0,81.0,74.0,58.5,64.5,29.05,880.0,-9.0,0.0
454,2009-07-26,63.5,82.0,73.0,58.5,64.5,29.155,879.0,-8.0,0.0
455,2009-07-27,65.0,84.0,74.5,61.0,66.5,29.17,877.0,-9.0,0.02
456,2009-07-28,67.0,85.0,76.0,61.0,66.5,29.105,875.0,-10.0,0.01
457,2009-07-29,64.0,80.0,72.5,51.5,60.0,29.16,873.0,-7.0,0.0
458,2009-07-30,62.0,79.5,71.0,57.0,62.5,29.175,871.0,-4.0,0.0
459,2009-07-31,60.0,81.5,71.0,54.5,61.5,29.26,869.0,-5.0,0.0
460,2009-08-01,62.0,75.0,68.5,59.0,62.5,29.21,866.0,-3.0,0.0
461,2009-08-02,57.5,78.5,68.5,51.5,59.0,29.23,864.0,-3.0,0.0
462,2009-08-03,67.5,85.0,76.5,60.5,66.0,29.135,862.0,-11.0,0.07
463,2009-08-04,68.0,85.5,77.0,62.0,67.5,29.19,860.0,-11.0,0.0
464,2009-08-05,63.5,79.0,71.5,55.0,62.0,29.37,858.0,-5.0,0.0
465,2009-08-06,61.0,81.5,71.5,51.0,60.0,29.415,856.0,-6.0,0.0
466,2009-08-07,65.5,74.0,70.0,59.0,63.0,29.385,853.0,-4.0,0.33
467,2009-08-08,68.5,89.0,79.0,70.0,73.0,29.23,851.0,-14.0,0.02
468,2009-08-09,77.0,91.5,84.5,71.5,74.5,29.26,849.0,-19.0,0.18
469,2009-08-10,70.5,85.5,78.5,65.5,69.5,29.275,846.0,-13.0,0.0
470,2009-08-11,63.5,81.5,72.5,61.5,66.0,29.33,844.0,-7.0,0.0
471,2009-08-12,61.5,82.5,72.5,55.5,62.5,29.415,842.0,-7.0,0.0
472,2009-08-13,61.5,86.0,74.0,55.0,63.0,29.41,839.0,-8.0,0.0
473,2009-08-14,65.0,88.0,77.0,59.0,66.0,29.41,837.0,-11.0,0.0
474,2009-08-15,68.5,89.0,79.0,61.0,67.5,29.35,835.0,-13.0,0.0
475,2009-08-16,70.5,89.0,80.0,67.5,70.5,29.305,832.0,-14.0,0.63
476,2009-08-17,70.5,83.0,77.0,68.0,70.5,29.31,830.0,-12.0,0.33
477,2009-08-18,65.5,83.5,74.5,60.0,65.5,29.305,827.0,-9.0,0.0
478,2009-08-19,61.5,82.0,72.0,61.0,65.5,29.115,825.0,-6.0,0.35
479,2009-08-20,64.0,78.5,71.5,61.0,65.0,28.965,822.0,-6.0,0.07
480,2009-08-21,59.0,73.5,66.5,58.0,61.0,29.1,820.0,-1.0,0.16
481,2009-08-22,57.5,68.5,63.5,52.0,56.5,29.335,817.0,2.0,0.0
482,2009-08-23,57.0,73.5,65.5,54.0,58.5,29.41,814.0,0.0,0.0
483,2009-08-24,55.5,79.0,67.5,56.5,61.5,29.44,811.0,-2.0,0.0
484,2009-08-25,60.0,82.5,71.5,61.0,65.0,29.36,809.0,-6.0,0.0
485,2009-08-26,63.0,72.5,68.0,63.0,64.5,29.39,806.0,-3.0,0.93
486,2009-08-27,61.5,67.0,64.5,60.5,62.0,29.385,803.0,1.0,0.95
487,2009-08-28,60.5,69.5,65.0,61.0,62.5,29.21,801.0,1.0,0.22
488,2009-08-29,56.0,69.0,63.0,51.5,56.5,29.21,798.0,2.0,0.02
489,2009-08-30,51.0,66.0,59.0,47.0,52.5,29.47,796.0,6.0,0.0
490,2009-08-31,49.0,67.5,58.5,44.0,52.0,29.575,793.0,6.0,0.0
491,2009-09-01,48.5,71.5,60.5,48.0,54.0,29.6,790.0,5.0,0.0
492,2009-09-02,51.5,72.5,62.5,50.5,56.0,29.535,788.0,3.0,0.0
493,2009-09-03,56.5,75.0,66.0,54.5,59.5,29.45,785.0,-1.0,0.0
494,2009-09-04,56.0,75.0,66.0,54.5,59.5,29.465,782.0,0.0,0.0
495,2009-09-05,55.5,78.0,67.0,57.0,61.5,29.515,780.0,-1.0,0.0
496,2009-09-06,63.5,77.0,70.5,59.0,63.5,29.495,777.0,-4.0,0.03
497,2009-09-07,61.0,77.0,69.0,59.0,62.5,29.415,774.0,-3.0,0.0
498,2009-09-08,61.0,78.0,69.5,61.0,64.0,29.385,771.0,-4.0,0.0
499,2009-09-09,66.5,77.5,72.5,63.0,65.5,29.445,769.0,-7.0,0.0
500,2009-09-10,64.5,80.5,73.0,62.0,65.5,29.51,766.0,-8.0,0.0
501,2009-09-11,62.5,79.0,71.0,59.0,63.5,29.465,763.0,-6.0,0.0
502,2009-09-12,59.5,78.5,69.5,60.5,63.5,29.44,761.0,-4.0,0.0
503,2009-09-13,57.5,79.5,68.5,54.5,60.5,29.42,758.0,-4.0,0.0
504,2009-09-14,58.5,84.0,71.5,55.5,61.5,29.37,755.0,-6.0,0.0
505,2009-09-15,63.5,82.5,73.0,58.5,63.5,29.385,752.0,-8.0,0.0
506,2009-09-16,60.5,71.5,66.0,54.0,59.5,29.515,748.0,0.0,0.0
507,2009-09-17,52.0,71.5,62.0,51.5,56.5,29.48,745.0,4.0,0.0
508,2009-09-18,51.0,79.0,65.5,55.0,59.0,29.49,741.0,0.0,0.0
509,2009-09-19,56.5,75.5,66.5,55.0,59.5,29.51,739.0,-1.0,0.0
510,2009-09-20,54.0,72.0,63.5,56.0,60.0,29.31,736.0,1.0,0.75
511,2009-09-21,61.5,68.0,65.0,59.5,61.5,29.285,733.0,1.0,0.0
512,2009-09-22,61.0,76.5,69.0,65.0,67.0,29.31,730.0,-3.0,0.0
513,2009-09-23,62.0,76.0,69.0,62.5,64.0,29.445,728.0,-4.0,0.0
514,2009-09-24,64.0,72.0,68.5,62.5,64.5,29.465,725.0,-4.0,0.0
515,2009-09-25,60.0,70.0,65.0,57.0,60.0,29.415,722.0,0.0,0.16
516,2009-09-26,55.5,67.5,61.5,56.0,59.0,29.18,719.0,3.0,0.0
517,2009-09-27,51.5,74.0,63.0,53.0,57.5,28.875,717.0,3.0,0.08
518,2009-09-28,49.5,62.5,56.5,42.0,49.0,28.945,714.0,9.0,0.01
519,2009-09-29,48.0,59.0,53.5,42.0,48.0,29.31,711.0,11.0,0.0
520,2009-09-30,48.0,61.5,55.0,41.0,47.5,29.415,708.0,10.0,0.0
521,2009-10-01,42.5,59.0,51.0,46.0,49.0,29.155,706.0,15.0,0.89
522,2009-10-02,47.5,56.0,52.0,46.0,48.0,28.835,703.0,13.0,0.21
523,2009-10-03,47.0,57.5,52.5,47.0,49.0,29.05,700.0,13.0,0.11
524,2009-10-04,45.0,60.5,53.0,42.5,47.0,29.31,697.0,12.0,0.0
525,2009-10-05,42.5,61.5,52.5,42.0,47.0,29.32,694.0,12.0,0.0
526,2009-10-06,49.0,61.5,55.5,46.5,50.5,28.935,691.0,10.0,0.03
527,2009-10-07,45.0,60.0,53.0,39.0,46.0,29.275,689.0,12.0,0.0
528,2009-10-08,46.0,53.5,50.0,46.0,48.5,29.215,686.0,16.0,0.12
529,2009-10-09,39.5,52.0,46.0,43.5,45.5,29.235,683.0,19.0,0.46
530,2009-10-10,32.0,48.0,40.5,30.0,35.5,29.52,681.0,25.0,0.0
531,2009-10-11,29.0,44.5,37.0,22.5,32.5,29.635,678.0,28.0,0.0
532,2009-10-12,41.5,48.5,45.5,35.0,40.5,29.47,675.0,20.0,0.02
533,2009-10-13,35.0,47.5,41.5,32.0,38.5,29.63,672.0,24.0,0.0
534,2009-10-14,42.0,48.0,45.0,36.0,41.0,29.435,669.0,20.0,0.03
535,2009-10-15,41.0,44.0,43.0,38.0,40.0,29.285,667.0,22.0,0.29
536,2009-10-16,39.5,45.5,42.5,36.0,39.5,29.435,664.0,23.0,0.04
537,2009-10-17,37.5,52.0,45.0,33.5,39.5,29.605,661.0,21.0,0.0
538,2009-10-18,32.0,53.0,42.5,33.0,39.5,29.52,659.0,23.0,0.0
539,2009-10-19,43.5,65.5,55.0,40.5,47.0,29.285,656.0,10.0,0.0
540,2009-10-20,49.5,63.0,56.5,47.5,52.0,29.345,653.0,10.0,0.03
541,2009-10-21,55.0,69.5,62.5,51.0,55.5,29.285,650.0,3.0,0.0
542,2009-10-22,48.5,58.0,53.5,48.5,50.5,29.205,648.0,12.0,1.03
543,2009-10-23,43.0,61.5,52.5,49.5,50.5,28.765,645.0,13.0,0.89
544,2009-10-24,38.5,49.5,44.0,37.0,40.5,29.065,643.0,21.0,0.04
545,2009-10-25,44.0,62.5,53.5,44.0,48.5,29.29,640.0,12.0,0.27
546,2009-10-26,49.5,55.0,52.5,47.5,49.0,29.315,637.0,13.0,0.11
547,2009-10-27,46.5,51.5,49.0,45.5,47.5,29.215,635.0,17.0,0.06
548,2009-10-28,50.0,57.5,54.0,49.0,51.0,29.31,632.0,11.0,0.0
549,2009-10-29,47.5,60.0,54.0,50.0,52.0,29.245,630.0,11.0,0.6
550,2009-10-30,46.5,67.5,57.5,53.5,56.0,28.83,627.0,8.0,0.81
551,2009-10-31,36.0,46.5,41.5,31.0,38.0,29.215,624.0,24.0,0.0
552,2010-05-01,59.5,70.5,65.0,53.5,58.5,28.92,841.0,1.0,0.11
553,2010-05-02,53.5,68.5,61.0,52.0,56.0,28.935,843.0,4.0,0.93
554,2010-05-03,51.0,72.0,61.5,45.0,53.0,29.1,845.0,4.0,0.0
555,2010-05-04,51.5,79.5,66.0,43.5,54.0,29.09,848.0,0.0,0.0
556,2010-05-05,56.5,72.5,64.5,37.0,51.0,29.115,850.0,1.0,0.0
557,2010-05-06,47.0,61.5,54.5,39.0,46.0,29.3,853.0,10.0,0.01
558,2010-05-07,45.5,59.0,52.5,46.0,48.5,29.01,855.0,13.0,0.72
559,2010-05-08,42.0,50.0,46.0,35.0,41.0,29.39,858.0,19.0,0.02
560,2010-05-09,37.5,57.0,47.5,29.0,40.0,29.625,860.0,17.0,0.0
561,2010-05-10,42.0,58.0,50.5,30.0,42.0,29.505,862.0,15.0,0.0
562,2010-05-11,44.0,55.5,50.0,46.0,47.5,29.185,864.0,17.0,0.97
563,2010-05-12,45.0,52.0,49.0,45.0,46.5,29.385,866.0,17.0,0.12
564,2010-05-13,48.5,75.5,62.5,53.5,56.0,29.255,868.0,4.0,1.49
565,2010-05-14,48.0,66.5,57.5,43.5,50.5,29.49,870.0,8.0,0.0
566,2010-05-15,45.0,62.0,53.5,41.5,48.0,29.56,872.0,13.0,0.0
567,2010-05-16,43.5,66.0,55.0,43.0,49.5,29.46,874.0,11.0,0.0
568,2010-05-17,51.0,59.0,55.0,42.5,48.5,29.32,876.0,11.0,0.01
569,2010-05-18,47.5,63.5,56.0,40.5,48.0,29.285,878.0,9.0,0.0
570,2010-05-19,45.0,73.5,59.5,39.0,50.5,29.335,880.0,6.0,0.0
571,2010-05-20,49.0,73.0,61.5,49.0,55.0,29.32,882.0,4.0,0.05
572,2010-05-21,56.0,72.5,64.5,58.0,60.0,29.18,884.0,0.0,0.21
573,2010-05-22,58.0,73.0,65.5,59.0,61.0,29.26,886.0,-1.0,0.0
574,2010-05-23,63.5,89.0,76.5,65.5,69.0,29.295,887.0,-11.0,0.0
575,2010-05-24,71.5,91.0,81.5,66.5,71.5,29.36,889.0,-16.0,0.0
576,2010-05-25,70.0,87.5,79.0,61.5,68.0,29.36,891.0,-14.0,0.0
577,2010-05-26,68.0,86.0,77.5,62.5,68.0,29.315,893.0,-12.0,0.0
578,2010-05-27,62.0,77.0,69.5,50.0,59.0,29.335,894.0,-4.0,0.0
579,2010-05-28,58.0,77.5,68.0,49.5,58.0,29.305,895.0,-3.0,0.0
580,2010-05-29,60.5,85.0,73.0,57.0,63.0,29.255,896.0,-8.0,0.0
581,2010-05-30,62.5,91.0,77.0,59.0,66.0,29.195,898.0,-11.0,0.0
582,2010-05-31,65.5,82.5,74.5,64.5,67.0,29.18,899.0,-9.0,0.26
583,2010-06-01,64.0,84.5,74.5,62.5,67.0,29.135,901.0,-9.0,0.0
584,2010-06-02,58.0,77.0,67.5,61.0,64.0,29.025,901.0,-2.0,1.02
585,2010-06-03,57.0,71.0,64.5,46.0,55.0,29.125,903.0,1.0,0.0
586,2010-06-04,58.5,83.0,71.0,59.5,64.5,29.035,904.0,-5.0,0.0
587,2010-06-05,60.0,79.0,70.0,64.0,66.5,28.975,906.0,-5.0,0.15
588,2010-06-06,56.5,75.5,66.5,54.5,59.0,29.19,906.0,-1.0,0.0
589,2010-06-07,55.0,69.5,62.5,48.5,55.0,29.375,907.0,3.0,0.0
590,2010-06-08,58.5,67.0,63.0,57.0,59.0,29.25,908.0,2.0,0.45
591,2010-06-09,66.0,83.0,74.5,55.5,63.0,29.16,909.0,-9.0,0.0
592,2010-06-10,59.0,76.0,68.0,54.0,60.0,29.285,910.0,-3.0,0.0
593,2010-06-11,64.0,88.5,76.5,67.0,71.0,29.21,910.0,-12.0,0.02
594,2010-06-12,62.0,77.0,70.0,63.0,65.0,29.28,911.0,-5.0,0.34
595,2010-06-13,61.5,72.0,67.0,61.5,63.5,29.29,911.0,-2.0,0.25
596,2010-06-14,60.5,71.0,66.0,61.0,62.5,29.255,912.0,0.0,0.0
597,2010-06-15,60.5,79.0,70.0,65.5,67.0,29.195,912.0,-5.0,0.59
598,2010-06-16,64.0,84.0,74.5,60.5,65.0,29.31,913.0,-8.0,0.0
599,2010-06-17,65.5,84.0,75.0,61.5,67.0,29.33,913.0,-9.0,0.0
600,2010-06-18,66.5,90.5,79.0,66.0,69.0,29.21,913.0,-14.0,0.87
601,2010-06-19,66.0,85.5,76.0,60.5,66.0,29.27,914.0,-11.0,0.0
602,2010-06-20,65.5,80.5,73.5,60.5,65.0,29.37,914.0,-8.0,0.0
603,2010-06-21,67.5,85.0,76.5,66.0,69.0,29.285,914.0,-11.0,0.22
604,2010-06-22,69.5,85.5,77.5,68.0,71.0,29.31,914.0,-12.0,0.0
605,2010-06-23,68.0,87.0,77.5,69.5,71.0,29.195,914.0,-13.0,0.87
606,2010-06-24,65.0,82.5,74.0,59.5,65.0,29.355,914.0,-10.0,0.0
607,2010-06-25,64.0,84.0,74.0,61.5,66.5,29.31,914.0,-8.0,0.0
608,2010-06-26,68.5,87.5,78.0,65.5,69.5,29.13,913.0,-13.0,0.85
609,2010-06-27,72.0,86.0,79.5,69.5,72.5,28.925,913.0,-14.0,0.54
610,2010-06-28,64.0,82.0,73.5,59.0,65.0,29.105,912.0,-8.0,0.0
611,2010-06-29,60.5,74.0,67.5,52.5,59.0,29.435,912.0,-2.0,0.0
612,2010-06-30,56.5,75.5,66.5,50.0,57.0,29.57,912.0,-1.0,0.0
613,2010-07-01,56.5,77.0,67.0,47.5,57.0,29.62,911.0,-1.0,0.0
614,2010-07-02,60.5,83.0,72.0,51.5,60.5,29.495,911.0,-6.0,0.0
615,2010-07-03,62.0,87.0,75.0,55.0,63.0,29.335,910.0,-9.0,0.0
616,2010-07-04,70.0,91.5,81.0,65.5,71.0,29.23,908.0,-15.0,0.0
617,2010-07-05,78.5,90.5,85.0,63.5,70.5,29.23,908.0,-20.0,0.0
618,2010-07-06,74.0,90.5,82.5,68.5,72.5,29.295,907.0,-17.0,0.37
619,2010-07-07,71.5,93.5,82.5,69.5,73.0,29.365,907.0,-17.0,0.2
620,2010-07-08,73.5,87.5,81.0,69.5,72.5,29.3,905.0,-16.0,0.16
621,2010-07-09,71.0,87.5,79.5,59.0,67.0,29.29,904.0,-14.0,0.0
622,2010-07-10,69.0,89.0,79.0,60.0,67.5,29.26,904.0,-14.0,0.0
623,2010-07-11,66.5,85.0,76.0,62.5,67.0,29.105,902.0,-11.0,0.79
624,2010-07-12,65.0,84.0,75.0,64.5,68.0,29.08,901.0,-10.0,0.0
625,2010-07-13,70.5,84.0,77.5,64.5,68.5,29.21,899.0,-12.0,0.17
626,2010-07-14,71.0,90.5,81.0,70.0,73.5,29.28,899.0,-15.0,0.0
627,2010-07-15,72.0,91.0,82.0,69.0,73.0,29.235,897.0,-16.0,0.01
628,2010-07-16,67.5,90.0,79.0,61.0,68.0,29.26,895.0,-14.0,0.0
629,2010-07-17,71.0,92.5,82.0,63.5,70.0,29.21,894.0,-17.0,0.0
630,2010-07-18,73.0,91.5,82.5,69.0,73.0,29.13,892.0,-17.0,0.01
631,2010-07-19,70.5,84.0,77.5,66.0,70.0,29.205,890.0,-12.0,0.01
632,2010-07-20,68.5,85.5,77.0,67.0,70.0,29.235,890.0,-12.0,0.0
633,2010-07-21,72.5,90.5,82.0,65.5,70.5,29.32,888.0,-17.0,0.0
634,2010-07-22,70.5,90.0,80.5,70.5,74.0,29.195,886.0,-15.0,0.01
635,2010-07-23,70.5,94.5,82.5,71.0,74.0,29.19,884.0,-17.0,2.79
636,2010-07-24,69.0,87.0,78.0,70.5,72.5,29.185,882.0,-13.0,3.64
637,2010-07-25,67.0,81.0,74.5,59.5,65.5,29.385,880.0,-9.0,0.0
638,2010-07-26,62.5,84.0,73.5,62.0,67.0,29.405,879.0,-8.0,0.0
639,2010-07-27,69.5,88.0,79.0,66.5,71.0,29.31,877.0,-13.0,0.0
640,2010-07-28,75.0,89.5,82.5,71.0,74.5,29.27,875.0,-16.0,0.0
641,2010-07-29,68.0,81.5,75.0,58.5,65.0,29.385,873.0,-10.0,0.0
642,2010-07-30,70.0,79.5,75.0,59.5,65.0,29.28,871.0,-10.0,0.0
643,2010-07-31,65.0,79.0,72.5,63.5,66.5,29.175,869.0,-8.0,0.68
644,2010-08-01,65.5,85.0,75.5,64.5,68.0,29.26,866.0,-11.0,0.0
645,2010-08-02,68.5,84.0,76.5,66.5,70.0,29.285,864.0,-11.0,0.0
646,2010-08-03,65.5,86.5,76.0,70.5,73.0,29.22,862.0,-11.0,0.28
647,2010-08-04,71.0,82.0,76.5,71.5,73.0,29.18,860.0,-12.0,0.48
648,2010-08-05,68.0,83.5,76.0,62.0,67.0,29.16,858.0,-11.0,0.0
649,2010-08-06,64.0,82.0,73.0,58.5,64.0,29.25,856.0,-8.0,0.0
650,2010-08-07,64.0,83.5,74.0,63.5,67.5,29.23,853.0,-8.0,0.0
651,2010-08-08,70.0,87.0,78.5,66.5,70.0,29.17,851.0,-13.0,0.08
652,2010-08-09,73.5,88.5,81.0,70.0,73.5,29.23,849.0,-15.0,0.15
653,2010-08-10,76.0,88.5,82.5,71.0,74.0,29.255,846.0,-17.0,0.0
654,2010-08-11,76.0,90.0,83.5,69.5,74.0,29.165,844.0,-18.0,0.0
655,2010-08-12,74.5,90.5,82.5,69.5,74.0,29.155,842.0,-18.0,0.0
656,2010-08-13,72.5,92.5,83.0,70.0,74.0,29.1,839.0,-18.0,0.25
657,2010-08-14,72.0,88.0,80.0,68.5,72.5,29.145,837.0,-15.0,0.0
658,2010-08-15,66.5,83.5,75.5,62.0,67.5,29.235,835.0,-10.0,0.0
659,2010-08-16,63.5,80.0,72.0,54.0,62.0,29.335,832.0,-7.0,0.0
660,2010-08-17,64.5,79.0,72.0,57.0,63.0,29.385,830.0,-7.0,0.03
661,2010-08-18,63.5,83.5,74.0,60.5,65.5,29.315,827.0,-9.0,0.05
662,2010-08-19,67.5,87.5,77.5,64.0,69.0,29.21,825.0,-12.0,0.0
663,2010-08-20,73.0,92.5,83.0,67.0,71.5,29.135,822.0,-17.0,0.03
664,2010-08-21,71.0,86.0,79.0,68.5,71.5,29.165,820.0,-14.0,0.45
665,2010-08-22,68.0,80.5,74.5,64.0,67.5,29.375,817.0,-10.0,0.0
666,2010-08-23,66.0,79.0,73.0,63.0,67.0,29.37,814.0,-8.0,0.0
667,2010-08-24,66.0,82.5,74.5,61.5,66.0,29.32,811.0,-9.0,0.0
668,2010-08-25,62.0,79.0,70.5,50.5,59.0,29.4,809.0,-5.0,0.0
669,2010-08-26,60.5,78.5,69.5,52.0,59.0,29.475,806.0,-4.0,0.0
670,2010-08-27,60.0,84.5,72.5,54.5,62.0,29.415,803.0,-8.0,0.0
671,2010-08-28,65.0,87.5,76.5,52.0,62.0,29.39,801.0,-12.0,0.0
672,2010-08-29,71.5,93.5,83.0,64.5,70.0,29.42,798.0,-18.0,0.0
673,2010-08-30,73.5,88.0,81.0,66.0,71.0,29.44,796.0,-16.0,0.0
674,2010-08-31,75.0,92.5,84.0,67.5,72.5,29.31,793.0,-19.0,0.0
675,2010-09-01,71.0,80.5,76.0,67.0,70.0,29.24,790.0,-11.0,0.17
676,2010-09-02,65.5,83.0,74.5,67.5,70.0,29.12,788.0,-9.0,1.55
677,2010-09-03,56.5,71.0,64.0,51.5,57.0,29.14,785.0,2.0,0.0
678,2010-09-04,51.5,68.0,60.0,43.5,51.0,29.28,782.0,5.0,0.0
679,2010-09-05,50.5,76.5,64.0,49.0,56.0,29.245,780.0,2.0,0.0
680,2010-09-06,67.0,83.0,75.0,51.0,60.5,29.15,777.0,-9.0,0.0
681,2010-09-07,59.0,78.0,69.0,48.0,58.0,29.245,774.0,-3.0,0.0
682,2010-09-08,52.0,71.0,61.5,47.5,54.0,29.415,771.0,4.0,0.0
683,2010-09-09,51.5,67.5,60.0,49.0,54.5,29.39,769.0,6.0,0.0
684,2010-09-10,57.0,72.0,65.0,50.5,57.5,29.265,766.0,1.0,0.0
685,2010-09-11,58.5,75.0,67.0,54.5,59.0,29.18,763.0,-2.0,0.24
686,2010-09-12,53.5,83.0,68.5,50.5,59.0,29.325,761.0,-4.0,0.0
687,2010-09-13,59.0,82.0,71.0,51.5,59.5,29.32,758.0,-5.0,0.0
688,2010-09-14,56.0,77.0,67.0,48.5,57.0,29.41,755.0,-1.0,0.0
689,2010-09-15,60.0,75.0,67.5,53.0,59.5,29.28,752.0,-2.0,0.0
690,2010-09-16,55.0,69.5,62.5,55.5,59.0,29.215,748.0,4.0,0.16
691,2010-09-17,50.0,74.0,62.5,49.5,56.0,29.39,745.0,3.0,0.0
692,2010-09-18,59.0,65.5,62.5,55.0,58.0,29.455,741.0,3.0,0.35
693,2010-09-19,55.5,67.5,61.5,48.5,55.0,29.485,739.0,4.0,0.0
694,2010-09-20,62.5,76.0,69.5,60.0,63.5,29.32,736.0,-4.0,0.0
695,2010-09-21,67.5,88.5,78.0,63.0,67.5,29.195,733.0,-13.0,0.05
696,2010-09-22,63.5,74.5,69.5,61.0,63.0,29.345,730.0,-4.0,0.0
697,2010-09-23,65.5,89.5,77.5,61.5,68.0,29.18,728.0,-12.0,0.0
698,2010-09-24,56.5,79.5,68.0,53.5,59.0,29.21,725.0,-3.0,0.26
699,2010-09-25,52.0,60.0,56.0,43.0,49.0,29.425,722.0,9.0,0.0
700,2010-09-26,51.0,60.0,55.5,44.5,49.5,29.425,719.0,10.0,0.0
701,2010-09-27,48.5,64.0,56.5,45.5,50.0,29.21,717.0,8.0,0.0
702,2010-09-28,46.0,70.5,58.5,44.5,51.5,29.1,714.0,6.0,0.0
703,2010-09-29,51.0,75.5,63.5,46.5,54.5,29.12,711.0,1.0,0.0
704,2010-09-30,52.5,74.5,63.5,49.0,55.0,29.26,708.0,2.0,0.0
705,2010-10-01,48.5,73.5,61.5,43.5,52.0,29.345,706.0,4.0,0.08
706,2010-10-02,45.5,56.0,51.0,41.5,46.5,29.495,703.0,14.0,0.26
707,2010-10-03,42.5,56.5,49.5,38.5,44.0,29.66,700.0,16.0,0.08
708,2010-10-04,39.5,59.5,49.5,39.0,45.0,29.675,697.0,16.0,0.0
709,2010-10-05,39.5,67.0,53.5,37.5,46.0,29.62,694.0,11.0,0.0
710,2010-10-06,45.5,78.0,62.0,43.5,52.5,29.36,691.0,3.0,0.0
711,2010-10-07,49.0,76.0,63.0,39.5,50.5,29.39,689.0,2.0,0.0
712,2010-10-08,48.5,79.0,64.0,38.5,51.5,29.34,686.0,1.0,0.0
713,2010-10-09,55.5,86.5,71.5,50.5,59.0,29.28,683.0,-6.0,0.0
714,2010-10-10,58.0,84.0,71.5,50.0,59.0,29.195,681.0,-6.0,0.0
715,2010-10-11,55.5,81.5,68.5,52.5,58.5,29.15,678.0,-3.0,0.0
716,2010-10-12,53.0,76.0,64.5,54.0,58.5,29.235,675.0,1.0,0.0
717,2010-10-13,47.5,64.5,56.5,47.0,52.5,29.375,672.0,8.0,0.1
718,2010-10-14,43.0,66.0,55.0,32.0,45.0,29.245,669.0,10.0,0.0
719,2010-10-15,45.5,62.5,54.5,41.0,47.0,29.37,667.0,11.0,0.0
720,2010-10-16,42.0,71.0,57.0,39.0,48.0,29.345,664.0,9.0,0.0
721,2010-10-17,47.5,64.5,56.0,37.0,46.5,29.38,661.0,9.0,0.0
722,2010-10-18,44.0,60.5,52.5,40.5,47.0,29.32,659.0,13.0,0.0
723,2010-10-19,39.5,60.5,50.5,35.0,43.5,29.26,656.0,15.0,0.0
724,2010-10-20,45.0,70.0,57.5,35.0,46.0,29.06,653.0,8.0,0.0
725,2010-10-21,39.5,56.0,48.0,29.5,40.0,29.28,650.0,18.0,0.0
726,2010-10-22,35.0,64.5,50.0,30.0,42.0,29.375,648.0,16.0,0.02
727,2010-10-23,54.0,66.0,60.5,45.0,52.5,29.23,645.0,5.0,0.1
728,2010-10-24,55.5,72.5,64.0,52.0,57.0,29.015,643.0,2.0,0.05
729,2010-10-25,56.5,72.0,64.5,56.0,60.0,28.77,640.0,1.0,0.0
730,2010-10-26,54.0,70.5,62.5,47.0,53.5,28.59,637.0,3.0,0.24
731,2010-10-27,43.0,65.0,54.0,31.5,44.5,28.96,635.0,11.0,0.0
732,2010-10-28,39.0,46.0,43.0,30.5,38.0,29.46,632.0,22.0,0.0
733,2010-10-29,32.0,50.0,41.5,26.5,36.0,29.515,630.0,24.0,0.0
734,2010-10-30,41.5,63.0,52.5,32.0,42.0,29.175,627.0,12.0,0.0
735,2010-10-31,37.5,52.0,45.0,30.5,39.0,29.52,624.0,21.0,0.0
736,2011-05-01,49.5,63.5,56.5,37.0,47.5,29.29,841.0,10.0,0.0
737,2011-05-02,42.5,59.5,51.5,31.0,42.0,29.49,843.0,14.0,0.0
738,2011-05-03,37.5,50.5,44.5,30.5,38.0,29.53,845.0,21.0,0.0
739,2011-05-04,37.0,58.0,47.5,29.0,40.0,29.665,848.0,17.0,0.0
740,2011-05-05,38.0,62.5,50.5,39.5,46.0,29.365,850.0,16.0,0.06
741,2011-05-06,44.5,68.5,56.5,39.0,48.5,29.145,853.0,9.0,0.0
742,2011-05-07,44.5,60.0,52.5,45.0,49.0,29.155,855.0,13.0,0.0
743,2011-05-08,41.5,68.0,55.0,43.5,49.5,29.3,858.0,11.0,0.0
744,2011-05-09,49.0,73.5,61.5,45.5,54.0,29.18,860.0,5.0,0.0
745,2011-05-10,63.0,90.5,77.0,60.5,66.0,29.03,862.0,-11.0,0.0
746,2011-05-11,65.0,87.5,76.5,65.5,68.5,29.13,864.0,-10.0,0.13
747,2011-05-12,60.5,86.5,73.5,62.0,66.0,29.105,866.0,-7.0,0.29
748,2011-05-13,47.0,77.0,62.0,54.0,56.5,29.035,868.0,3.0,0.02
749,2011-05-14,45.5,52.0,49.0,46.5,47.5,29.03,870.0,16.0,0.31
750,2011-05-15,41.5,47.0,44.5,37.0,41.5,29.17,872.0,21.0,0.31
751,2011-05-16,38.5,52.5,46.0,30.5,40.0,29.31,874.0,20.0,0.0
752,2011-05-17,40.0,60.0,50.0,34.0,43.5,29.24,876.0,15.0,0.0
753,2011-05-18,49.5,59.0,54.5,48.5,50.0,29.185,878.0,12.0,0.07
754,2011-05-19,49.5,72.5,61.5,53.0,55.5,29.325,880.0,4.0,0.0
755,2011-05-20,50.0,72.5,61.5,53.5,56.5,29.33,882.0,3.0,0.0
756,2011-05-21,50.5,75.5,63.5,59.0,62.0,29.165,884.0,2.0,0.01
757,2011-05-22,63.0,87.5,75.5,59.5,64.5,28.985,886.0,-9.0,0.58
758,2011-05-23,62.5,79.5,71.5,59.0,64.0,28.95,887.0,-5.0,0.0
759,2011-05-24,47.5,67.5,58.0,47.0,52.0,29.18,889.0,8.0,0.11
760,2011-05-25,48.0,71.0,59.5,52.5,54.0,28.945,891.0,8.0,2.24
761,2011-05-26,43.0,49.5,46.5,40.0,43.0,29.17,893.0,19.0,1.06
762,2011-05-27,41.0,58.0,49.5,41.0,46.0,29.24,894.0,16.0,0.0
763,2011-05-28,51.5,63.0,57.5,55.0,56.0,29.13,895.0,8.0,0.12
764,2011-05-29,54.5,71.0,63.0,59.5,60.5,29.195,896.0,4.0,1.88
765,2011-05-30,60.5,89.0,75.0,65.0,69.5,29.295,898.0,-7.0,0.0
766,2011-05-31,69.0,86.5,78.0,64.5,69.0,29.375,899.0,-12.0,0.08
767,2011-06-01,61.0,81.5,71.5,49.0,59.0,29.475,901.0,-5.0,0.0
768,2011-06-02,56.5,69.0,63.0,44.5,53.0,29.48,901.0,2.0,0.02
769,2011-06-03,56.0,87.5,72.0,61.5,67.0,29.34,903.0,-6.0,0.01
770,2011-06-04,65.5,91.5,78.5,64.0,68.5,29.345,904.0,-13.0,0.18
771,2011-06-05,61.5,84.5,73.5,55.0,62.0,29.385,906.0,-8.0,0.0
772,2011-06-06,61.0,93.5,77.5,63.5,69.0,29.185,906.0,-12.0,0.0
773,2011-06-07,76.0,96.0,86.5,64.5,72.0,29.145,907.0,-21.0,0.0
774,2011-06-08,66.5,95.5,81.5,63.5,71.0,29.165,908.0,-16.0,0.17
775,2011-06-09,51.0,69.0,60.5,53.0,55.5,29.31,909.0,5.0,0.93
776,2011-06-10,51.0,70.0,60.5,56.0,57.5,29.235,910.0,5.0,0.52
777,2011-06-11,52.5,63.5,58.0,54.0,55.5,29.265,910.0,8.0,0.03
778,2011-06-12,50.5,64.0,57.5,45.0,52.0,29.41,911.0,8.0,0.0
779,2011-06-13,55.0,71.5,63.5,43.0,53.0,29.415,911.0,2.0,0.0
780,2011-06-14,55.5,77.0,66.5,49.0,56.5,29.28,912.0,0.0,0.0
781,2011-06-15,57.0,71.5,64.5,59.0,61.5,29.035,912.0,1.0,0.8
782,2011-06-16,61.5,81.0,71.5,59.0,63.0,29.085,913.0,-6.0,0.04
783,2011-06-17,62.0,82.0,72.0,60.0,64.5,29.155,913.0,-6.0,0.0
784,2011-06-18,62.0,83.5,73.0,62.0,65.5,29.13,913.0,-8.0,0.0
785,2011-06-19,64.0,82.0,73.0,65.0,68.5,29.055,914.0,-7.0,0.0
786,2011-06-20,67.0,79.5,73.5,67.0,69.0,29.04,914.0,-7.0,0.18
787,2011-06-21,67.5,89.0,78.5,70.0,72.5,28.95,914.0,-13.0,0.45
788,2011-06-22,65.0,74.0,70.0,62.5,65.0,28.92,914.0,-4.0,0.02
789,2011-06-23,62.5,71.5,67.5,59.5,62.5,28.93,914.0,-2.0,0.01
790,2011-06-24,60.0,68.0,64.0,55.5,59.0,29.105,914.0,1.0,0.0
791,2011-06-25,59.5,78.5,69.5,52.5,60.0,29.245,914.0,-4.0,0.0
792,2011-06-26,60.5,80.5,70.5,53.0,60.5,29.255,913.0,-4.0,0.0
793,2011-06-27,66.0,80.5,73.5,63.5,67.0,29.115,913.0,-8.0,0.03
794,2011-06-28,64.0,81.0,72.5,53.5,61.0,29.31,912.0,-7.0,0.0
795,2011-06-29,61.0,80.5,71.0,55.5,62.0,29.38,912.0,-5.0,0.0
796,2011-06-30,63.0,88.5,76.0,61.5,67.0,29.31,912.0,-9.0,0.0
797,2011-07-01,71.0,89.0,80.5,62.5,68.0,29.275,911.0,-16.0,0.0
798,2011-07-02,72.0,93.5,83.0,70.5,74.0,29.28,911.0,-18.0,0.0
799,2011-07-03,69.5,85.0,77.5,57.5,65.0,29.305,910.0,-12.0,0.0
800,2011-07-04,66.5,88.5,77.5,54.0,63.5,29.29,908.0,-12.0,0.0
801,2011-07-05,67.5,91.5,80.0,59.5,68.0,29.28,908.0,-15.0,0.0
802,2011-07-06,70.5,86.5,78.5,60.5,67.0,29.3,907.0,-13.0,0.0
803,2011-07-07,64.5,81.5,73.5,54.0,62.5,29.25,907.0,-8.0,0.0
804,2011-07-08,63.0,86.0,75.0,51.5,62.5,29.195,905.0,-9.0,0.0
805,2011-07-09,64.0,90.5,77.5,59.0,67.0,29.24,904.0,-11.0,0.0
806,2011-07-10,74.5,91.0,83.0,67.5,72.0,29.205,904.0,-18.0,0.0
807,2011-07-11,70.5,89.0,80.0,70.5,74.0,29.15,902.0,-15.0,0.39
808,2011-07-12,70.5,87.5,79.5,63.5,69.0,29.28,901.0,-14.0,0.01
809,2011-07-13,64.5,74.0,69.5,57.0,62.5,29.375,899.0,-4.0,0.0
810,2011-07-14,62.0,82.0,72.5,56.0,63.0,29.325,899.0,-6.0,0.0
811,2011-07-15,70.5,86.5,79.0,60.0,66.5,29.3,897.0,-14.0,0.0
812,2011-07-16,72.5,89.5,81.0,60.5,68.0,29.35,895.0,-15.0,0.0
813,2011-07-17,71.5,95.0,83.5,69.0,74.0,29.38,894.0,-17.0,0.0
814,2011-07-18,80.5,92.5,86.5,74.5,77.5,29.26,892.0,-21.0,0.01
815,2011-07-19,78.5,92.5,86.0,72.5,76.5,29.2,890.0,-21.0,0.0
816,2011-07-20,75.0,99.5,87.5,73.0,77.0,29.115,890.0,-21.0,0.02
817,2011-07-21,78.5,100.0,89.5,71.0,76.5,29.13,888.0,-22.0,0.02
818,2011-07-22,70.5,94.0,79.0,70.0,73.5,29.205,886.0,-14.0,1.55
819,2011-07-23,70.0,87.0,79.0,70.0,73.0,29.255,884.0,-14.0,6.86
820,2011-07-24,72.0,87.0,80.0,69.5,72.5,29.29,882.0,-15.0,0.18
821,2011-07-25,73.0,89.0,81.5,66.5,71.0,29.225,880.0,-16.0,0.0
822,2011-07-26,71.5,84.0,78.0,62.5,68.0,29.205,879.0,-12.0,0.0
823,2011-07-27,70.0,91.0,80.5,66.0,70.5,29.17,877.0,-14.0,0.71
824,2011-07-28,73.5,87.5,80.5,71.0,74.0,29.23,875.0,-15.0,0.7
825,2011-07-29,72.5,86.0,79.5,68.0,71.5,29.31,873.0,-14.0,0.7
826,2011-07-30,67.5,91.0,79.5,64.5,70.5,29.38,871.0,-14.0,0.0
827,2011-07-31,70.5,90.5,80.5,69.0,73.0,29.38,869.0,-14.0,0.0
828,2011-08-01,75.0,91.0,83.5,71.5,75.0,29.305,866.0,-18.0,0.0
829,2011-08-02,74.0,93.0,84.0,73.0,76.5,29.07,864.0,-19.0,0.43
830,2011-08-03,72.5,86.5,79.5,66.5,71.0,29.135,862.0,-14.0,0.0
831,2011-08-04,69.0,83.0,76.5,66.5,69.5,29.275,860.0,-12.0,0.0
832,2011-08-05,69.5,83.5,76.5,68.0,71.0,29.235,858.0,-11.0,0.0
833,2011-08-06,72.5,85.0,79.0,70.0,72.0,29.125,856.0,-14.0,0.18
834,2011-08-07,69.0,86.5,78.0,69.0,71.5,29.06,853.0,-12.0,0.75
835,2011-08-08,68.5,80.0,74.5,67.0,69.5,29.03,851.0,-9.0,0.63
836,2011-08-09,65.0,81.0,73.0,61.0,66.0,29.0,849.0,-7.0,0.0
837,2011-08-10,61.5,77.5,69.5,54.0,61.0,29.17,846.0,-4.0,0.0
838,2011-08-11,58.5,81.0,70.0,54.0,61.0,29.28,844.0,-4.0,0.0
839,2011-08-12,62.5,81.5,72.5,58.0,64.0,29.25,842.0,-6.0,0.0
840,2011-08-13,64.0,83.5,74.0,63.5,66.0,29.175,839.0,-8.0,0.75
841,2011-08-14,62.0,75.0,69.0,60.0,63.0,29.265,837.0,-4.0,0.0
842,2011-08-15,58.0,81.0,70.0,55.0,62.0,29.305,835.0,-5.0,0.0
843,2011-08-16,62.0,84.0,73.0,57.0,63.5,29.35,832.0,-8.0,0.0
844,2011-08-17,63.5,83.0,73.5,62.0,67.0,29.335,830.0,-8.0,0.0
845,2011-08-18,69.0,84.5,77.0,61.0,66.5,29.255,827.0,-11.0,0.0
846,2011-08-19,65.5,86.5,76.5,62.5,68.0,29.205,825.0,-11.0,0.0
847,2011-08-20,67.0,79.5,73.5,67.0,69.0,29.25,822.0,-8.0,1.11
848,2011-08-21,65.0,80.5,73.0,58.0,63.5,29.29,820.0,-7.0,0.0
849,2011-08-22,60.0,82.0,71.5,59.0,64.0,29.33,817.0,-6.0,0.0
850,2011-08-23,64.0,73.5,69.0,62.5,65.0,29.14,814.0,-3.0,0.65
851,2011-08-24,69.5,91.5,81.0,65.0,70.0,29.02,811.0,-16.0,0.0
852,2011-08-25,64.5,81.5,73.5,59.0,64.0,29.295,809.0,-9.0,0.0
853,2011-08-26,60.0,83.0,71.5,58.0,63.5,29.29,806.0,-6.0,0.0
854,2011-08-27,65.5,82.0,74.0,61.5,66.0,29.235,803.0,-8.0,0.0
855,2011-08-28,61.0,77.0,69.0,56.0,61.0,29.24,801.0,-4.0,0.0
856,2011-08-29,60.0,78.5,69.5,56.5,62.0,29.335,798.0,-4.0,0.0
857,2011-08-30,62.5,77.5,70.5,55.0,61.5,29.355,796.0,-4.0,0.04
858,2011-08-31,65.0,87.5,76.5,64.0,68.5,29.26,793.0,-11.0,0.0
859,2011-09-01,72.5,93.5,83.0,70.5,75.0,29.23,790.0,-17.0,0.0
860,2011-09-02,77.5,93.0,85.5,69.0,74.0,29.21,788.0,-19.0,0.0
861,2011-09-03,70.0,88.0,79.0,67.5,71.0,29.185,785.0,-14.0,0.02
862,2011-09-04,59.0,73.5,66.5,54.5,60.5,29.265,782.0,-1.0,0.0
863,2011-09-05,52.5,66.0,59.5,45.5,52.5,29.41,780.0,6.0,0.0
864,2011-09-06,54.0,66.0,60.5,46.5,53.0,29.465,777.0,6.0,0.0
865,2011-09-07,55.0,70.0,62.5,47.0,54.5,29.445,774.0,4.0,0.0
866,2011-09-08,59.5,74.5,67.0,53.5,59.0,29.35,771.0,-1.0,0.0
867,2011-09-09,62.0,72.0,67.0,60.5,62.5,29.255,769.0,-1.0,0.02
868,2011-09-10,57.0,77.0,67.0,59.5,62.5,29.315,766.0,-2.0,0.0
869,2011-09-11,58.5,83.0,71.0,59.0,63.5,29.3,763.0,-5.0,0.0
870,2011-09-12,64.0,86.0,75.0,59.0,65.0,29.21,761.0,-10.0,0.0
871,2011-09-13,57.0,74.5,66.0,54.5,60.0,29.23,758.0,0.0,0.0
872,2011-09-14,47.5,59.0,53.5,44.0,50.0,29.43,755.0,12.0,0.08
873,2011-09-15,43.0,59.5,51.5,35.5,44.5,29.64,752.0,14.0,0.0
874,2011-09-16,47.0,58.5,53.0,39.0,47.0,29.62,748.0,13.0,0.0
875,2011-09-17,51.0,68.5,60.0,44.5,52.0,29.56,745.0,6.0,0.0
876,2011-09-18,55.5,65.5,60.5,54.5,57.0,29.375,741.0,5.0,0.43
877,2011-09-19,55.0,68.5,62.0,58.0,60.0,29.27,739.0,3.0,0.24
878,2011-09-20,51.0,74.5,63.0,54.0,58.0,29.295,736.0,3.0,0.0
879,2011-09-21,56.5,71.5,64.5,49.0,56.0,29.26,733.0,1.0,0.0
880,2011-09-22,52.0,63.5,58.0,47.0,52.0,29.39,730.0,7.0,0.0
881,2011-09-23,48.0,62.0,55.0,45.0,50.0,29.355,728.0,10.0,0.0
882,2011-09-24,51.0,62.5,57.0,48.5,51.5,29.285,725.0,8.0,0.14
883,2011-09-25,52.0,64.5,58.5,53.0,55.0,29.155,722.0,7.0,0.08
884,2011-09-26,53.0,61.5,57.5,50.5,53.0,28.95,719.0,8.0,1.21
885,2011-09-27,54.0,63.0,59.0,53.0,55.0,29.025,717.0,6.0,0.31
886,2011-09-28,53.0,63.5,58.5,54.0,55.0,29.095,714.0,7.0,0.77
887,2011-09-29,50.0,66.0,58.5,50.5,53.5,29.005,711.0,7.0,0.06
888,2011-09-30,46.0,57.5,52.0,41.5,47.0,29.345,708.0,14.0,0.09
889,2011-10-01,43.0,56.0,49.5,40.0,45.0,29.56,706.0,16.0,0.0
890,2011-10-02,41.0,65.5,53.5,38.5,46.0,29.505,703.0,11.0,0.0
891,2011-10-03,44.5,69.5,57.5,44.5,50.0,29.51,700.0,8.0,0.0
892,2011-10-04,44.5,75.0,60.0,47.0,52.5,29.55,697.0,5.0,0.0
893,2011-10-05,50.5,80.0,65.5,47.5,55.0,29.52,694.0,0.0,0.0
894,2011-10-06,53.0,81.0,67.5,50.5,58.0,29.535,691.0,-1.0,0.0
895,2011-10-07,56.5,84.0,70.5,52.0,59.0,29.555,689.0,-4.0,0.0
896,2011-10-08,57.5,82.0,70.0,53.5,60.0,29.59,686.0,-3.0,0.0
897,2011-10-09,54.0,80.0,67.0,51.0,58.0,29.585,683.0,-1.0,0.0
898,2011-10-10,56.0,76.5,66.5,50.0,57.5,29.42,681.0,0.0,0.0
899,2011-10-11,57.5,78.5,68.0,53.0,59.5,29.26,678.0,-3.0,0.0
900,2011-10-12,56.0,77.5,67.0,51.5,58.0,29.055,675.0,-2.0,0.0
901,2011-10-13,52.0,65.0,58.5,55.0,57.5,28.84,672.0,6.0,0.28
902,2011-10-14,48.5,61.5,55.0,41.0,48.0,28.935,669.0,10.0,0.0
903,2011-10-15,47.0,61.5,54.5,36.0,46.0,29.14,667.0,10.0,0.0
904,2011-10-16,47.0,61.0,54.0,39.0,46.0,29.115,664.0,10.0,0.17
905,2011-10-17,40.5,58.0,49.5,33.0,42.0,29.145,661.0,15.0,0.0
906,2011-10-18,40.5,54.0,47.5,37.5,43.0,29.12,659.0,17.0,0.06
907,2011-10-19,44.0,49.0,47.0,40.5,44.0,28.95,656.0,18.0,0.85
908,2011-10-20,42.5,46.5,44.5,37.5,42.0,29.025,653.0,20.0,0.08
909,2011-10-21,37.5,54.5,46.5,34.0,41.0,29.355,650.0,18.0,0.0
910,2011-10-22,36.0,66.0,51.0,37.0,44.5,29.315,648.0,15.0,0.0
911,2011-10-23,39.5,67.5,53.5,41.5,48.5,29.22,645.0,12.0,0.2
912,2011-10-24,45.0,63.0,54.0,39.0,46.5,29.375,643.0,11.0,0.0
913,2011-10-25,47.0,74.0,61.0,45.5,53.0,29.15,640.0,5.0,0.02
914,2011-10-26,47.0,53.5,50.5,42.0,46.0,29.215,637.0,15.0,0.0
915,2011-10-27,38.5,52.0,45.5,37.5,42.0,29.37,635.0,19.0,0.12
916,2011-10-28,35.5,54.5,45.0,32.5,40.0,29.395,632.0,20.0,0.03
917,2011-10-29,35.0,54.5,45.0,29.5,38.0,29.37,630.0,20.0,0.0
918,2011-10-30,35.0,57.0,46.0,35.0,41.5,29.305,627.0,20.0,0.17
919,2011-10-31,37.5,53.0,45.5,35.5,40.5,29.375,624.0,20.0,0.0
920,2012-05-01,50.5,64.5,57.5,52.5,55.5,29.21,841.0,8.0,0.09
921,2012-05-02,59.0,79.0,69.0,60.0,64.0,29.155,843.0,-4.0,0.0
922,2012-05-03,67.5,86.0,77.0,64.5,69.0,29.195,845.0,-11.0,1.34
923,2012-05-04,53.0,72.5,63.0,55.0,58.0,29.255,848.0,1.0,0.28
924,2012-05-05,52.5,61.5,57.0,53.0,55.0,29.315,850.0,9.0,0.0
925,2012-05-06,52.5,71.5,62.5,53.5,56.5,29.245,853.0,4.0,0.8
926,2012-05-07,53.0,62.5,58.0,55.5,57.0,29.175,855.0,7.0,0.47
927,2012-05-08,51.5,70.0,61.0,45.0,53.0,29.165,858.0,4.0,0.0
928,2012-05-09,46.5,60.0,53.5,43.0,48.5,29.23,860.0,11.0,0.06
929,2012-05-10,45.5,66.0,56.0,33.5,46.0,29.32,862.0,8.0,0.0
930,2012-05-11,45.5,78.0,62.0,39.0,52.0,29.4,864.0,4.0,0.0
931,2012-05-12,52.0,68.0,60.0,43.5,51.0,29.54,866.0,4.0,0.03
932,2012-05-13,51.5,70.5,61.0,32.0,48.0,29.48,868.0,4.0,0.0
933,2012-05-14,44.5,80.0,62.5,36.0,51.0,29.345,870.0,2.0,0.0
934,2012-05-15,56.5,85.0,71.0,44.5,56.5,29.21,872.0,-7.0,0.05
935,2012-05-16,51.0,64.0,58.0,33.0,46.0,29.41,874.0,7.0,0.0
936,2012-05-17,47.0,72.5,60.0,39.5,50.5,29.41,876.0,5.0,0.0
937,2012-05-18,55.0,85.0,70.0,39.5,54.0,29.325,878.0,-4.0,0.0
938,2012-05-19,61.5,91.5,77.0,52.5,62.0,29.32,880.0,-11.0,0.0
939,2012-05-20,65.0,92.5,79.0,57.0,65.0,29.31,882.0,-14.0,0.14
940,2012-05-21,54.0,66.0,60.5,44.0,52.0,29.415,884.0,4.0,0.0
941,2012-05-22,49.5,69.5,60.0,41.5,51.0,29.31,886.0,4.0,0.0
942,2012-05-23,48.0,82.0,65.5,41.5,54.0,29.13,887.0,0.0,0.0
943,2012-05-24,65.5,90.0,78.0,52.5,63.0,29.005,889.0,-12.0,0.0
944,2012-05-25,66.0,81.5,74.0,49.0,59.0,29.335,891.0,-9.0,0.0
945,2012-05-26,61.5,84.0,73.0,54.0,61.5,29.39,893.0,-8.0,0.0
946,2012-05-27,71.5,97.0,84.5,58.5,68.0,29.195,894.0,-19.0,0.0
947,2012-05-28,75.5,94.5,85.0,60.0,68.5,29.065,895.0,-21.0,0.0
948,2012-05-29,62.5,85.0,74.0,45.5,59.0,29.13,896.0,-8.0,0.0
949,2012-05-30,53.0,69.5,61.5,46.0,53.0,29.25,898.0,3.0,0.0
950,2012-05-31,48.0,54.5,51.5,45.0,48.0,29.225,899.0,14.0,1.12
951,2012-06-01,49.0,64.5,57.0,43.5,49.0,29.095,901.0,8.0,0.01
952,2012-06-02,49.0,75.0,62.5,46.5,55.0,29.065,901.0,2.0,0.0
953,2012-06-03,56.5,80.5,68.5,48.0,58.0,29.13,903.0,-4.0,0.0
954,2012-06-04,59.0,74.5,67.0,47.0,56.0,29.21,904.0,-2.0,0.0
955,2012-06-05,57.0,69.5,63.5,49.0,56.0,29.32,906.0,1.0,0.0
956,2012-06-06,54.0,75.0,64.5,46.5,55.5,29.385,906.0,1.0,0.0
957,2012-06-07,54.0,80.0,67.0,44.5,56.0,29.405,907.0,-3.0,0.0
958,2012-06-08,56.5,87.5,72.0,48.5,60.0,29.295,908.0,-6.0,0.0
959,2012-06-09,65.5,89.5,78.0,50.0,62.0,29.21,909.0,-13.0,0.0
960,2012-06-10,69.0,92.5,81.0,55.5,65.5,29.23,910.0,-15.0,0.0
961,2012-06-11,71.0,90.0,80.5,62.5,68.5,29.15,910.0,-15.0,0.0
962,2012-06-12,60.5,77.5,69.5,46.5,57.0,29.365,911.0,-4.0,0.0
963,2012-06-13,55.5,71.5,63.5,45.0,55.0,29.46,911.0,2.0,0.0
964,2012-06-14,58.0,86.5,72.5,48.0,59.0,29.375,912.0,-7.0,0.0
965,2012-06-15,63.0,93.5,78.5,48.5,61.5,29.36,912.0,-12.0,0.0
966,2012-06-16,69.0,94.0,82.0,60.0,68.0,29.26,913.0,-17.0,0.31
967,2012-06-17,68.5,86.0,77.5,59.0,66.0,29.16,913.0,-13.0,0.11
968,2012-06-18,70.5,93.0,82.0,65.0,71.0,29.065,913.0,-17.0,0.0
969,2012-06-19,76.5,94.5,86.0,65.0,71.5,29.245,914.0,-22.0,0.0
970,2012-06-20,76.5,94.0,85.5,62.0,70.5,29.255,914.0,-21.0,0.0
971,2012-06-21,70.0,84.0,77.5,59.5,66.5,29.235,914.0,-13.0,0.01
972,2012-06-22,63.5,85.0,74.5,52.0,62.0,29.29,914.0,-11.0,0.0
973,2012-06-23,62.5,86.5,75.0,55.0,63.5,29.31,914.0,-10.0,0.0
974,2012-06-24,67.5,93.0,80.5,57.5,65.5,29.27,914.0,-15.0,0.0
975,2012-06-25,61.5,75.0,68.5,48.5,58.0,29.375,914.0,-3.0,0.0
976,2012-06-26,59.5,82.0,71.0,50.5,59.5,29.3,913.0,-5.0,0.0
977,2012-06-27,60.5,91.0,76.0,51.0,63.0,29.17,913.0,-10.0,0.0
978,2012-06-28,76.5,100.5,88.5,68.5,74.0,29.11,912.0,-23.0,0.04
979,2012-06-29,69.5,88.0,79.0,61.5,68.0,29.185,912.0,-14.0,0.42
980,2012-06-30,69.5,90.5,80.5,67.5,72.0,29.14,912.0,-16.0,0.0
981,2012-07-01,67.0,90.5,79.0,67.5,71.5,29.26,911.0,-15.0,0.0
982,2012-07-02,72.5,97.5,85.5,69.0,74.0,29.245,911.0,-20.0,0.0
983,2012-07-03,77.0,95.5,86.5,67.0,73.5,29.165,910.0,-22.0,0.0
984,2012-07-04,79.5,101.5,91.0,68.0,75.0,29.18,908.0,-26.0,0.0
985,2012-07-05,79.0,102.5,91.0,68.5,75.0,29.225,908.0,-26.0,0.28
986,2012-07-06,82.5,103.5,93.5,71.0,77.0,29.24,907.0,-28.0,0.0
987,2012-07-07,73.5,98.0,86.0,67.5,72.5,29.29,907.0,-21.0,0.0
988,2012-07-08,71.0,85.0,78.5,56.0,65.0,29.365,905.0,-12.0,0.0
989,2012-07-09,67.0,89.5,78.5,58.0,65.5,29.355,904.0,-14.0,0.0
990,2012-07-10,69.0,82.5,76.0,55.5,64.0,29.415,904.0,-10.0,0.0
991,2012-07-11,66.5,86.5,77.0,57.0,65.0,29.415,902.0,-11.0,0.0
992,2012-07-12,68.5,90.5,80.0,53.5,64.5,29.38,901.0,-14.0,0.0
993,2012-07-13,71.5,93.0,82.5,63.0,69.0,29.34,899.0,-17.0,0.28
994,2012-07-14,70.5,89.5,80.0,65.5,70.0,29.33,899.0,-15.0,0.0
995,2012-07-15,70.5,95.0,83.0,66.0,71.5,29.32,897.0,-18.0,0.0
996,2012-07-16,74.5,97.5,86.5,65.5,72.5,29.22,895.0,-20.0,0.0
997,2012-07-17,79.5,99.0,89.5,66.5,74.0,29.155,894.0,-24.0,0.0
998,2012-07-18,71.5,92.5,82.0,71.0,74.0,29.21,892.0,-18.0,0.85
999,2012-07-19,70.5,84.0,77.5,70.0,72.0,29.22,890.0,-12.0,0.8
1000,2012-07-20,68.5,81.5,75.5,60.0,65.5,29.365,890.0,-10.0,0.0
1001,2012-07-21,67.0,88.0,77.5,63.0,69.0,29.365,888.0,-11.0,0.0
1002,2012-07-22,71.5,89.5,81.0,65.5,70.5,29.345,886.0,-14.0,0.0
1003,2012-07-23,81.0,97.5,89.5,67.5,74.0,29.23,884.0,-24.0,0.0
1004,2012-07-24,70.0,86.0,78.5,65.5,70.5,29.275,882.0,-12.0,0.54
1005,2012-07-25,72.0,100.0,86.5,67.0,73.0,29.02,880.0,-20.0,0.01
1006,2012-07-26,70.5,89.0,80.0,69.0,72.5,29.03,879.0,-14.0,0.71
1007,2012-07-27,68.0,86.5,77.5,64.0,68.5,29.195,877.0,-11.0,0.03
1008,2012-07-28,69.0,82.5,76.0,60.0,66.0,29.405,875.0,-10.0,0.0
1009,2012-07-29,65.5,86.5,76.0,58.5,66.0,29.335,873.0,-9.0,0.0
1010,2012-07-30,71.5,92.5,82.5,61.5,69.0,29.215,871.0,-16.0,0.0
1011,2012-07-31,69.5,85.5,78.0,65.0,69.5,29.235,869.0,-12.0,0.16
1012,2012-08-01,69.5,89.5,79.5,63.5,69.0,29.215,866.0,-14.0,0.0
1013,2012-08-02,68.5,93.0,81.0,62.0,69.0,29.16,864.0,-15.0,0.0
1014,2012-08-03,72.5,94.5,83.5,66.0,72.0,29.185,862.0,-18.0,0.0
1015,2012-08-04,71.5,94.0,83.0,68.5,72.0,29.18,860.0,-17.0,0.37
1016,2012-08-05,68.0,84.5,76.5,59.0,66.0,29.38,858.0,-10.0,0.0
1017,2012-08-06,64.5,85.5,75.5,56.0,64.0,29.38,856.0,-9.0,0.0
1018,2012-08-07,64.5,93.0,79.0,59.5,67.5,29.24,853.0,-12.0,0.0
1019,2012-08-08,73.5,84.0,79.0,62.0,68.0,29.265,851.0,-13.0,0.0
1020,2012-08-09,64.5,76.0,70.5,62.5,65.5,29.185,849.0,-4.0,0.05
1021,2012-08-10,61.5,76.0,69.0,55.0,60.5,29.22,846.0,-4.0,0.18
1022,2012-08-11,57.0,78.5,68.0,52.5,59.0,29.285,844.0,-2.0,0.0
1023,2012-08-12,58.0,76.5,67.5,53.5,60.5,29.3,842.0,-1.0,0.0
1024,2012-08-13,61.5,70.5,66.5,61.0,63.0,29.265,839.0,0.0,0.4
1025,2012-08-14,57.5,83.0,70.5,60.0,64.0,29.23,837.0,-5.0,0.0
1026,2012-08-15,66.0,85.5,76.0,59.5,66.0,29.22,835.0,-10.0,0.0
1027,2012-08-16,63.0,76.0,69.5,61.0,65.0,29.165,832.0,-4.0,0.39
1028,2012-08-17,58.5,76.5,67.5,51.5,58.5,29.3,830.0,-2.0,0.0
1029,2012-08-18,55.0,77.5,66.5,49.0,57.5,29.285,827.0,0.0,0.0
1030,2012-08-19,60.5,79.0,70.0,49.5,58.5,29.25,825.0,-5.0,0.0
1031,2012-08-20,59.0,75.0,67.0,55.0,60.0,29.28,822.0,-1.0,0.08
1032,2012-08-21,55.5,79.0,67.5,50.5,58.5,29.38,820.0,-1.0,0.0
1033,2012-08-22,63.0,84.5,70.0,51.5,60.5,29.37,817.0,-5.0,0.0
1034,2012-08-23,66.5,91.5,79.0,55.0,64.0,29.36,814.0,-13.0,0.03
1035,2012-08-24,67.5,93.5,80.5,56.5,66.0,29.31,811.0,-14.0,0.0
1036,2012-08-25,68.5,93.5,81.5,56.5,66.0,29.325,809.0,-15.0,0.0
1037,2012-08-26,67.0,80.0,74.0,66.0,68.0,29.32,806.0,-8.0,0.57
1038,2012-08-27,67.5,88.0,78.0,61.5,67.0,29.355,803.0,-12.0,0.0
1039,2012-08-28,64.0,85.5,75.0,60.5,65.5,29.395,801.0,-10.0,0.0
1040,2012-08-29,67.5,84.0,76.0,58.5,65.0,29.36,798.0,-10.0,0.0
1041,2012-08-30,66.5,90.5,78.5,58.0,66.0,29.31,796.0,-12.0,0.0
1042,2012-08-31,71.5,92.5,82.5,64.0,70.0,29.35,793.0,-17.0,0.0
1043,2012-09-01,72.0,76.5,74.5,67.0,70.0,29.315,790.0,-8.0,0.0
1044,2012-09-02,74.0,81.5,78.0,69.0,71.5,29.21,788.0,-13.0,0.0
1045,2012-09-03,72.0,87.5,80.0,69.5,73.0,29.2,785.0,-15.0,0.0
1046,2012-09-04,67.0,89.5,78.5,68.5,72.0,29.175,782.0,-13.0,0.64
1047,2012-09-05,64.5,86.0,75.5,64.0,68.0,29.135,780.0,-10.0,0.16
1048,2012-09-06,69.0,86.0,77.5,61.0,67.0,29.21,777.0,-12.0,0.0
1049,2012-09-07,60.0,78.0,69.5,59.5,63.5,29.135,774.0,-4.0,0.06
1050,2012-09-08,55.0,73.0,64.5,49.5,56.0,29.17,771.0,1.0,0.28
1051,2012-09-09,55.5,72.0,64.0,51.0,56.5,29.375,769.0,1.0,0.0
1052,2012-09-10,53.0,76.0,65.0,48.5,56.0,29.455,766.0,1.0,0.0
1053,2012-09-11,55.5,83.5,70.0,52.0,60.0,29.41,763.0,-3.0,0.0
1054,2012-09-12,63.0,86.5,75.0,55.0,62.5,29.435,761.0,-10.0,0.0
1055,2012-09-13,55.0,71.5,63.5,54.0,58.0,29.565,758.0,2.0,0.19
1056,2012-09-14,52.5,75.5,64.5,45.5,54.5,29.6,755.0,1.0,0.0
1057,2012-09-15,52.5,79.0,66.0,45.0,55.0,29.505,752.0,0.0,0.0
1058,2012-09-16,52.5,77.5,65.0,46.5,55.5,29.335,748.0,2.0,0.0
1059,2012-09-17,57.0,78.5,68.0,55.5,59.5,29.135,745.0,-2.0,0.26
1060,2012-09-18,48.5,63.5,56.0,38.0,47.0,29.245,741.0,10.0,0.0
1061,2012-09-19,44.0,73.5,59.0,39.5,50.0,29.23,739.0,8.0,0.0
1062,2012-09-20,53.5,72.0,63.0,38.5,50.5,29.2,736.0,3.0,0.0
1063,2012-09-21,50.0,60.5,55.5,45.5,50.5,29.165,733.0,11.0,0.15
1064,2012-09-22,45.5,59.5,53.0,40.0,46.0,29.325,730.0,13.0,0.02
1065,2012-09-23,41.5,61.5,52.0,35.0,43.5,29.52,728.0,14.0,0.0
1066,2012-09-24,39.5,70.5,55.5,33.5,46.0,29.32,725.0,11.0,0.0
1067,2012-09-25,51.5,77.0,64.5,51.5,57.0,29.165,722.0,2.0,0.0
1068,2012-09-26,55.0,68.5,62.0,50.0,55.0,29.365,719.0,4.0,0.0
1069,2012-09-27,47.5,66.5,57.5,46.0,51.5,29.465,717.0,9.0,0.0
1070,2012-09-28,51.0,67.0,59.5,48.0,52.5,29.435,714.0,6.0,0.0
1071,2012-09-29,48.5,79.0,64.0,46.0,53.0,29.325,711.0,1.0,0.0
1072,2012-09-30,51.0,66.5,59.0,46.0,51.5,29.255,708.0,7.0,0.0
1073,2012-10-01,48.5,66.0,57.5,45.5,52.0,29.165,706.0,8.0,0.0
1074,2012-10-02,56.0,69.0,62.5,49.5,55.5,29.175,703.0,4.0,0.0
1075,2012-10-03,60.0,66.0,63.0,58.0,60.0,29.265,700.0,4.0,0.26
1076,2012-10-04,49.5,79.0,64.5,51.5,56.0,29.35,697.0,2.0,0.12
1077,2012-10-05,40.5,50.5,46.0,31.0,40.0,29.395,694.0,20.0,0.0
1078,2012-10-06,34.5,50.0,42.5,27.5,37.0,29.445,691.0,23.0,0.0
1079,2012-10-07,37.0,51.0,44.5,24.0,36.0,29.45,689.0,21.0,0.0
1080,2012-10-08,34.0,60.0,47.0,28.0,40.0,29.365,686.0,19.0,0.0
1081,2012-10-09,42.5,66.0,54.5,37.0,45.0,29.19,683.0,11.0,0.17
1082,2012-10-10,36.5,51.5,44.0,30.5,38.5,29.4,681.0,22.0,0.0
1083,2012-10-11,37.0,67.0,52.0,34.0,44.0,29.435,678.0,14.0,0.02
1084,2012-10-12,39.0,53.0,46.0,31.0,40.0,29.645,675.0,20.0,0.0
1085,2012-10-13,45.5,67.5,57.0,51.0,54.0,29.22,672.0,9.0,0.21
1086,2012-10-14,48.5,71.5,60.5,54.5,57.0,28.93,669.0,5.0,0.77
1087,2012-10-15,43.5,60.0,52.0,40.5,46.0,29.235,667.0,14.0,0.0
1088,2012-10-16,42.0,70.0,56.0,44.0,51.0,29.01,664.0,10.0,0.0
1089,2012-10-17,54.5,68.5,61.5,51.5,55.5,28.75,661.0,4.0,0.51
1090,2012-10-18,45.0,54.5,50.0,40.5,45.0,28.75,659.0,15.0,0.07
1091,2012-10-19,43.5,52.5,48.5,42.5,45.0,28.85,656.0,17.0,0.02
1092,2012-10-20,40.0,58.5,49.5,40.0,44.0,29.14,653.0,16.0,0.0
1093,2012-10-21,39.5,69.0,54.5,44.5,49.5,29.29,650.0,12.0,0.0
1094,2012-10-22,52.5,66.0,59.5,55.5,57.5,29.21,648.0,8.0,0.81
1095,2012-10-23,58.0,69.5,64.0,59.5,61.0,29.21,645.0,1.0,0.06
1096,2012-10-24,59.5,78.5,69.0,61.0,64.5,29.19,643.0,-3.0,0.0
1097,2012-10-25,45.0,76.0,60.5,55.5,59.0,29.15,640.0,5.0,0.13
1098,2012-10-26,37.5,51.0,44.5,30.0,39.0,29.57,637.0,21.0,0.0
1099,2012-10-27,35.0,48.0,41.5,27.5,36.5,29.57,635.0,24.0,0.0
1100,2012-10-28,39.0,49.5,44.5,30.5,38.5,29.55,632.0,21.0,0.0
1101,2012-10-29,37.0,51.0,44.5,30.0,38.0,29.46,630.0,21.0,0.0
1102,2012-10-30,39.5,47.5,44.0,26.0,36.5,29.115,627.0,21.0,0.0
1103,2012-10-31,34.5,49.5,42.0,26.0,35.0,29.125,624.0,23.0,0.0
1104,2013-05-01,59.5,84.5,72.0,53.0,62.0,29.395,841.0,-5.0,0.0
1105,2013-05-02,42.0,63.0,49.0,40.0,45.0,29.475,843.0,16.0,0.11
1106,2013-05-03,40.0,49.0,44.5,41.5,43.5,29.31,845.0,21.0,0.05
1107,2013-05-04,48.5,71.5,60.5,44.5,51.0,29.29,848.0,5.0,0.02
1108,2013-05-05,48.5,69.5,59.5,42.0,50.0,29.31,850.0,6.0,0.0
1109,2013-05-06,50.5,70.5,61.0,38.0,49.0,29.31,853.0,4.0,0.0
1110,2013-05-07,48.5,75.5,62.5,40.0,51.5,29.315,855.0,3.0,0.0
1111,2013-05-08,47.0,78.0,63.0,42.5,53.5,29.295,858.0,1.0,0.0
1112,2013-05-09,48.0,75.5,62.0,49.5,55.0,29.19,860.0,4.0,0.32
1113,2013-05-10,44.0,48.5,46.5,42.0,44.5,29.215,862.0,19.0,0.13
1114,2013-05-11,43.5,61.0,52.5,36.5,45.0,29.245,864.0,13.0,0.0
1115,2013-05-12,37.5,55.0,46.5,28.5,39.0,29.385,866.0,19.0,0.0
1116,2013-05-13,37.0,62.5,50.0,31.5,43.0,29.38,868.0,15.0,0.0
1117,2013-05-14,53.5,90.5,72.5,48.0,58.5,29.025,870.0,-6.0,0.0
1118,2013-05-15,61.0,83.5,72.5,48.0,58.5,29.105,872.0,-7.0,0.0
1119,2013-05-16,55.0,82.0,68.5,45.0,56.0,29.23,874.0,-3.0,0.0
1120,2013-05-17,56.5,71.5,64.5,46.5,54.0,29.325,876.0,2.0,0.0
1121,2013-05-18,57.5,79.5,68.5,55.5,61.0,29.295,878.0,-3.0,0.0
1122,2013-05-19,60.0,86.5,73.5,60.5,66.0,29.15,880.0,-7.0,0.0
1123,2013-05-20,65.0,90.5,78.0,59.5,67.0,29.065,882.0,-12.0,1.09
1124,2013-05-21,64.5,81.5,73.5,62.5,66.0,28.995,884.0,-8.0,0.56
1125,2013-05-22,54.0,73.0,64.0,59.5,62.5,29.0,886.0,2.0,1.35
1126,2013-05-23,42.5,55.0,49.0,41.5,45.5,29.41,887.0,17.0,0.06
1127,2013-05-24,41.5,57.0,49.5,33.5,42.0,29.66,889.0,16.0,0.0
1128,2013-05-25,45.0,57.0,51.5,36.5,44.0,29.63,891.0,14.0,0.0
1129,2013-05-26,45.0,67.5,56.5,43.5,50.0,29.505,893.0,9.0,0.02
1130,2013-05-27,54.5,63.5,59.5,53.5,56.0,29.245,894.0,7.0,0.23
1131,2013-05-28,57.5,76.0,67.0,63.5,65.5,29.095,895.0,-1.0,0.2
1132,2013-05-29,64.5,84.5,74.5,63.0,67.0,29.195,896.0,-9.0,0.01
1133,2013-05-30,64.5,83.5,74.5,65.0,68.5,29.175,898.0,-9.0,0.51
1134,2013-05-31,64.5,77.5,71.5,64.5,67.0,29.09,899.0,-6.0,0.3
1135,2013-06-01,63.0,76.0,70.0,61.5,64.0,29.015,901.0,-5.0,0.56
1136,2013-06-02,45.0,63.0,54.0,49.0,51.0,29.275,901.0,12.0,0.01
1137,2013-06-03,43.0,68.0,56.0,41.5,49.5,29.375,903.0,9.0,0.0
1138,2013-06-04,50.0,72.0,61.0,44.5,52.0,29.425,904.0,4.0,0.0
1139,2013-06-05,55.0,74.5,65.0,47.5,54.5,29.285,906.0,1.0,0.01
1140,2013-06-06,53.0,64.5,59.0,49.0,53.0,29.205,906.0,7.0,0.15
1141,2013-06-07,53.0,68.0,60.5,44.5,52.0,29.23,907.0,5.0,0.0
1142,2013-06-08,49.5,74.0,62.0,42.5,53.0,29.28,908.0,3.0,0.0
1143,2013-06-09,56.5,81.5,69.5,54.0,61.0,29.185,909.0,-3.0,0.01
1144,2013-06-10,60.5,75.5,68.0,62.0,64.5,29.11,910.0,-3.0,0.26
1145,2013-06-11,60.0,83.5,72.0,61.5,66.5,29.17,910.0,-7.0,0.0
1146,2013-06-12,63.5,86.5,75.5,64.0,67.0,29.04,911.0,-10.0,0.75
1147,2013-06-13,58.5,72.5,66.0,53.5,59.0,29.26,911.0,-1.0,0.0
1148,2013-06-14,56.5,77.0,67.0,50.5,57.0,29.37,912.0,-2.0,0.0
1149,2013-06-15,59.5,80.5,70.0,61.0,64.5,29.245,912.0,-4.0,0.17
1150,2013-06-16,69.0,84.5,77.0,62.0,67.0,29.195,913.0,-13.0,0.0
1151,2013-06-17,60.5,88.0,74.5,55.5,63.5,29.21,913.0,-9.0,0.03
1152,2013-06-18,56.5,70.5,64.0,52.0,56.5,29.335,913.0,1.0,0.0
1153,2013-06-19,55.0,75.0,65.0,46.0,55.5,29.415,914.0,1.0,0.0
1154,2013-06-20,59.0,86.0,72.5,57.5,64.0,29.415,914.0,-6.0,0.0
1155,2013-06-21,69.0,83.5,76.5,64.0,67.5,29.365,914.0,-10.0,0.79
1156,2013-06-22,68.5,81.5,75.5,66.0,69.0,29.335,914.0,-9.0,0.04
1157,2013-06-23,67.5,88.0,78.0,67.0,70.5,29.3,914.0,-12.0,0.84
1158,2013-06-24,67.5,87.5,77.5,66.0,69.0,29.275,914.0,-13.0,0.18
1159,2013-06-25,68.5,86.0,77.5,68.0,71.0,29.17,914.0,-11.0,0.03
1160,2013-06-26,67.0,80.5,74.0,66.0,68.0,29.08,913.0,-8.0,1.48
1161,2013-06-27,65.0,90.5,78.0,66.0,69.5,29.045,913.0,-12.0,0.92
1162,2013-06-28,67.5,83.0,75.5,60.5,65.5,28.94,912.0,-10.0,0.0
1163,2013-06-29,64.0,72.0,68.0,59.0,62.0,29.0,912.0,-3.0,0.0
1164,2013-06-30,63.0,76.5,70.0,52.0,59.5,29.225,912.0,-5.0,0.0
1165,2013-07-01,60.0,75.0,67.5,50.5,58.0,29.34,911.0,-2.0,0.0
1166,2013-07-02,61.0,68.0,64.5,52.5,57.5,29.36,911.0,1.0,0.0
1167,2013-07-03,60.5,73.0,67.0,60.0,62.0,29.35,910.0,-1.0,0.02
1168,2013-07-04,58.5,83.0,71.0,60.0,64.5,29.375,908.0,-5.0,0.0
1169,2013-07-05,61.5,86.5,74.0,60.5,66.0,29.36,908.0,-8.0,0.0
1170,2013-07-06,68.0,82.5,75.5,64.0,68.0,29.325,907.0,-9.0,0.0
1171,2013-07-07,70.0,88.5,79.5,66.5,71.0,29.295,907.0,-14.0,0.0
1172,2013-07-08,70.5,86.5,78.5,70.5,73.0,29.275,905.0,-13.0,0.5
1173,2013-07-09,74.0,85.0,79.5,73.0,75.0,29.225,904.0,-14.0,0.0
1174,2013-07-10,66.0,86.0,76.5,65.0,69.5,29.23,904.0,-11.0,0.0
1175,2013-07-11,63.5,80.5,72.5,53.0,61.5,29.39,902.0,-8.0,0.0
1176,2013-07-12,59.0,82.5,71.0,53.5,61.5,29.41,901.0,-6.0,0.0
1177,2013-07-13,64.5,83.5,74.0,58.5,65.0,29.44,899.0,-8.0,0.0
1178,2013-07-14,72.5,88.0,80.5,66.0,70.5,29.495,899.0,-15.0,0.0
1179,2013-07-15,73.0,90.0,81.5,71.0,74.0,29.545,897.0,-15.0,0.09
1180,2013-07-16,75.0,92.5,84.0,71.0,75.0,29.575,895.0,-18.0,0.0
1181,2013-07-17,76.5,94.5,85.5,71.0,75.5,29.54,894.0,-20.0,0.0
1182,2013-07-18,78.0,95.5,87.0,71.5,76.0,29.345,892.0,-21.0,0.0
1183,2013-07-19,73.0,96.5,85.0,69.5,75.0,29.135,890.0,-19.0,0.58
1184,2013-07-20,71.5,88.5,80.0,63.5,69.0,29.2,890.0,-15.0,0.06
1185,2013-07-21,70.0,88.5,79.5,64.0,69.0,29.21,888.0,-13.0,0.01
1186,2013-07-22,71.5,88.5,80.0,65.0,70.5,29.105,886.0,-14.0,0.0
1187,2013-07-23,64.0,79.0,72.0,59.0,64.0,29.18,884.0,-6.0,0.03
1188,2013-07-24,61.0,72.5,67.0,49.5,57.5,29.345,882.0,-1.0,0.0
1189,2013-07-25,57.5,81.0,69.5,53.0,60.5,29.36,880.0,-4.0,0.0
1190,2013-07-26,63.5,72.0,68.0,59.5,62.5,29.245,879.0,-1.0,0.39
1191,2013-07-27,56.0,66.5,61.5,50.0,55.5,29.2,877.0,5.0,0.0
1192,2013-07-28,54.5,70.0,62.5,48.5,54.5,29.265,875.0,3.0,0.0
1193,2013-07-29,57.5,76.0,67.0,54.0,59.0,29.44,873.0,-2.0,0.0
1194,2013-07-30,59.0,74.0,67.0,57.5,61.5,29.425,871.0,-1.0,0.04
1195,2013-07-31,63.0,75.0,69.5,63.5,65.0,29.295,869.0,-4.0,0.5
1196,2013-08-01,61.0,81.5,71.5,55.5,62.0,29.26,866.0,-6.0,0.0
1197,2013-08-02,63.5,85.0,74.5,62.5,66.5,29.19,864.0,-8.0,0.63
1198,2013-08-03,65.0,80.0,73.0,54.5,62.0,29.36,862.0,-8.0,0.0
1199,2013-08-04,60.0,74.5,67.5,55.5,61.0,29.455,860.0,-3.0,0.0
1200,2013-08-05,60.5,75.5,68.5,57.5,61.5,29.26,858.0,-2.0,0.07
1201,2013-08-06,67.5,84.0,76.0,66.5,69.5,29.17,856.0,-10.0,0.04
1202,2013-08-07,68.5,90.0,79.5,67.5,71.0,29.17,853.0,-13.0,0.0
1203,2013-08-08,67.0,78.5,73.0,55.5,62.0,29.295,851.0,-7.0,0.0
1204,2013-08-09,60.5,83.0,72.0,59.0,65.0,29.31,849.0,-6.0,0.0
1205,2013-08-10,66.0,81.0,74.0,56.0,63.0,29.3475,846.0,-8.0,0.0
1206,2013-08-11,61.5,82.5,72.5,59.0,64.0,29.385,844.0,-6.0,0.01
1207,2013-08-12,68.0,83.5,76.0,64.0,68.0,29.24,842.0,-10.0,0.27
1208,2013-08-13,60.0,70.5,65.5,51.0,57.5,29.395,839.0,1.0,0.0
1209,2013-08-14,57.0,71.5,64.5,49.5,56.0,29.48,837.0,1.0,0.0
1210,2013-08-15,56.0,74.5,65.5,51.5,58.0,29.435,835.0,0.0,0.0
1211,2013-08-16,56.5,82.0,69.5,51.5,60.0,29.47,832.0,-4.0,0.0
1212,2013-08-17,58.5,80.0,69.5,55.5,62.0,29.5,830.0,-4.0,0.0
1213,2013-08-18,60.5,81.0,71.0,57.0,63.5,29.445,827.0,-5.0,0.0
1214,2013-08-19,60.0,85.5,73.0,59.0,65.0,29.375,825.0,-6.0,0.0
1215,2013-08-20,67.0,88.0,77.5,61.5,67.5,29.375,822.0,-12.0,0.0
1216,2013-08-21,69.0,90.5,80.0,64.5,70.0,29.335,820.0,-14.0,0.01
1217,2013-08-22,67.5,78.0,73.0,66.5,68.5,29.39,817.0,-8.0,0.23
1218,2013-08-23,63.0,81.5,72.5,55.0,63.0,29.46,814.0,-7.0,0.0
1219,2013-08-24,62.0,86.0,74.0,57.5,64.5,29.52,811.0,-8.0,0.0
1220,2013-08-25,66.5,89.0,78.0,61.0,67.5,29.49,809.0,-12.0,0.0
1221,2013-08-26,70.0,92.0,81.0,67.0,71.5,29.375,806.0,-16.0,0.0
1222,2013-08-27,77.0,96.0,87.0,69.0,74.5,29.21,803.0,-22.0,0.0
1223,2013-08-28,71.0,83.0,77.0,68.0,71.5,29.29,801.0,-12.0,0.0
1224,2013-08-29,67.5,88.0,78.0,64.5,69.0,29.325,798.0,-13.0,0.0
1225,2013-08-30,68.0,96.0,82.5,67.5,71.5,29.17,796.0,-17.0,0.36
1226,2013-08-31,70.5,77.5,74.5,66.5,68.5,29.13,793.0,-10.0,0.07
1227,2013-09-01,66.5,84.5,75.5,66.5,69.5,29.08,790.0,-10.0,0.14
1228,2013-09-02,61.0,78.0,70.0,60.5,64.0,29.24,788.0,-5.0,0.0
1229,2013-09-03,57.5,76.5,67.0,54.0,59.5,29.355,785.0,-2.0,0.0
1230,2013-09-04,59.0,84.0,72.0,56.0,62.5,29.405,782.0,-7.0,0.0
1231,2013-09-05,62.0,74.0,68.5,53.5,60.0,29.52,780.0,-2.0,0.0
1232,2013-09-06,59.5,85.5,73.0,56.5,63.5,29.41,777.0,-7.0,0.0
1233,2013-09-07,66.5,87.5,77.5,61.5,67.5,29.245,774.0,-12.0,0.01
1234,2013-09-08,71.0,77.5,74.5,65.5,68.5,29.295,771.0,-9.0,0.0
1235,2013-09-09,68.5,94.0,81.5,69.0,73.5,29.185,769.0,-16.0,0.0
1236,2013-09-10,77.5,95.5,86.5,63.5,71.0,29.285,766.0,-21.0,0.0
1237,2013-09-11,75.0,91.5,83.5,66.0,71.0,29.31,763.0,-18.0,0.0
1238,2013-09-12,62.5,82.5,72.5,58.5,64.0,29.31,761.0,-7.0,0.0
1239,2013-09-13,53.0,67.0,60.5,45.0,52.5,29.44,758.0,5.0,0.0
1240,2013-09-14,49.0,72.0,61.0,42.0,52.0,29.4,755.0,5.0,0.0
1241,2013-09-15,57.0,62.0,59.5,51.5,55.0,29.375,752.0,6.0,0.65
1242,2013-09-16,53.0,64.0,59.0,47.0,52.5,29.62,748.0,7.0,0.0
1243,2013-09-17,51.0,70.5,61.0,50.0,55.5,29.52,745.0,5.0,0.0
1244,2013-09-18,61.0,81.5,71.5,59.0,63.0,29.305,741.0,-6.0,0.55
1245,2013-09-19,69.5,84.0,77.0,67.0,69.5,29.175,739.0,-12.0,0.84
1246,2013-09-20,58.5,76.5,67.5,59.5,63.0,29.115,736.0,-2.0,0.0
1247,2013-09-21,51.5,67.0,59.5,47.0,53.0,29.2,733.0,5.0,0.0
1248,2013-09-22,49.0,67.0,58.0,46.0,51.5,29.33,730.0,7.0,0.0
1249,2013-09-23,48.0,67.0,58.0,46.5,52.5,29.375,728.0,8.0,0.0
1250,2013-09-24,50.5,80.5,60.0,48.5,54.0,29.295,725.0,5.0,0.0
1251,2013-09-25,53.5,70.5,62.5,51.5,56.0,29.26,722.0,4.0,0.0
1252,2013-09-26,52.5,75.0,64.0,52.0,58.0,29.37,719.0,2.0,0.0
1253,2013-09-27,54.5,80.5,68.0,49.5,57.0,29.41,717.0,-2.0,0.0
1254,2013-09-28,56.5,84.5,71.0,55.0,61.5,29.275,714.0,-5.0,0.2
1255,2013-09-29,52.0,76.0,60.0,48.5,54.0,29.325,711.0,5.0,0.18
1256,2013-09-30,48.5,75.0,62.0,48.0,55.0,29.245,708.0,4.0,0.0
1257,2013-10-01,62.0,79.0,71.0,61.5,64.5,29.245,706.0,-6.0,0.0
1258,2013-10-02,63.0,76.5,70.0,50.0,59.0,29.34,703.0,-4.0,0.0
1259,2013-10-03,62.0,78.0,70.0,65.0,67.0,29.225,700.0,-4.0,0.12
1260,2013-10-04,65.5,75.0,70.5,64.5,66.0,29.26,697.0,-5.0,0.0
1261,2013-10-05,63.0,80.5,72.0,66.0,68.0,29.145,694.0,-6.0,0.82
1262,2013-10-06,46.5,70.0,55.0,44.0,49.5,29.06,691.0,10.0,0.09
1263,2013-10-07,45.0,67.5,56.5,44.5,50.0,29.265,689.0,8.0,0.0
1264,2013-10-08,46.0,75.5,61.0,47.0,53.0,29.455,686.0,6.0,0.0
1265,2013-10-09,50.0,70.5,60.5,47.0,53.0,29.485,683.0,5.0,0.0
1266,2013-10-10,48.5,74.5,61.5,49.5,55.0,29.405,681.0,5.0,0.0
1267,2013-10-11,53.5,76.5,65.5,49.5,56.0,29.32,678.0,1.0,0.0
1268,2013-10-12,49.5,73.0,61.5,53.0,57.0,29.355,675.0,5.0,0.12
1269,2013-10-13,45.0,64.5,55.0,40.5,48.0,29.65,672.0,11.0,0.0
1270,2013-10-14,43.5,62.0,53.0,43.5,49.0,29.56,669.0,13.0,0.0
1271,2013-10-15,50.0,64.5,57.5,50.5,54.0,29.18,667.0,8.0,0.07
1272,2013-10-16,47.0,54.0,51.0,44.0,47.5,29.195,664.0,14.0,0.0
1273,2013-10-17,42.0,53.5,48.0,43.5,46.5,29.16,661.0,18.0,0.29
1274,2013-10-18,40.5,50.0,45.5,39.5,43.0,29.22,659.0,20.0,0.0
1275,2013-10-19,42.5,54.0,48.5,36.5,42.5,29.135,656.0,17.0,0.01
1276,2013-10-20,38.5,63.0,51.0,41.5,46.5,29.11,653.0,16.0,0.01
1277,2013-10-21,34.5,55.0,45.0,31.5,39.0,29.225,650.0,21.0,0.0
1278,2013-10-22,30.0,41.5,36.0,31.0,34.5,29.245,648.0,29.0,0.0
1279,2013-10-23,32.0,46.0,39.0,27.0,34.0,29.28,645.0,26.0,0.0
1280,2013-10-24,32.5,44.0,38.5,25.0,33.5,29.485,643.0,27.0,0.0
1281,2013-10-25,29.0,51.0,40.0,26.0,35.5,29.52,640.0,25.0,0.0
1282,2013-10-26,37.5,55.0,46.5,29.0,39.0,29.26,637.0,19.0,0.0
1283,2013-10-27,30.5,54.5,43.0,29.0,37.5,29.325,635.0,23.0,0.0
1284,2013-10-28,35.5,53.5,44.5,37.5,41.5,29.57,632.0,21.0,0.0
1285,2013-10-29,42.5,57.0,50.0,39.5,45.0,29.53,630.0,15.0,0.0
1286,2013-10-30,45.0,63.5,54.5,52.0,53.0,29.255,627.0,12.0,0.55
1287,2013-10-31,46.5,64.5,55.5,56.0,57.0,28.73,624.0,10.0,1.04
1288,2014-05-01,42.5,49.5,46.5,40.0,43.0,29.06,841.0,19.0,0.09
1289,2014-05-02,46.5,66.5,50.0,41.0,46.0,29.065,843.0,15.0,0.0
1290,2014-05-03,47.5,67.5,58.0,38.0,48.5,29.1,845.0,8.0,0.0
1291,2014-05-04,45.5,59.5,52.5,30.0,42.0,29.34,848.0,14.0,0.0
1292,2014-05-05,44.0,57.0,50.5,35.0,43.0,29.285,850.0,16.0,0.05
1293,2014-05-06,43.0,63.0,53.0,36.0,46.0,29.235,853.0,13.0,0.0
1294,2014-05-07,50.0,79.0,64.5,44.5,52.5,29.125,855.0,2.0,0.0
1295,2014-05-08,59.5,91.0,75.5,56.5,64.5,29.115,858.0,-5.0,0.1
1296,2014-05-09,55.5,74.5,65.5,54.0,59.5,29.065,860.0,1.0,1.03
1297,2014-05-10,49.5,77.0,63.5,43.0,53.0,29.225,862.0,3.0,0.0
1298,2014-05-11,57.5,83.0,70.5,54.0,60.0,29.225,864.0,-2.0,0.12
1299,2014-05-12,64.5,85.0,75.0,65.5,68.5,29.165,866.0,-9.0,2.09
1300,2014-05-13,53.0,68.5,61.0,54.0,57.0,29.32,868.0,5.0,0.12
1301,2014-05-14,44.0,56.5,50.5,40.0,47.0,29.385,870.0,15.0,0.02
1302,2014-05-15,41.0,56.0,49.0,36.5,42.0,29.29,872.0,17.0,0.19
1303,2014-05-16,39.0,45.5,42.5,35.5,39.0,29.36,874.0,23.0,0.1
1304,2014-05-17,40.0,60.5,50.5,33.5,43.0,29.435,876.0,15.0,0.0
1305,2014-05-18,47.5,69.5,58.5,37.5,48.5,29.505,878.0,7.0,0.0
1306,2014-05-19,49.0,70.0,59.5,40.0,51.0,29.375,880.0,8.0,0.0
1307,2014-05-20,62.5,86.0,74.5,59.0,64.0,29.155,882.0,-9.0,0.82
1308,2014-05-21,65.5,87.5,77.0,56.5,64.5,29.185,884.0,-10.0,0.01
1309,2014-05-22,53.5,69.5,62.0,48.5,55.0,29.39,886.0,3.0,0.0
1310,2014-05-23,49.5,68.5,59.5,44.5,51.5,29.495,887.0,6.0,0.0
1311,2014-05-24,48.5,74.0,61.5,43.5,52.5,29.47,889.0,4.0,0.0
1312,2014-05-25,52.0,84.0,68.5,47.5,57.0,29.38,891.0,-2.0,0.0
1313,2014-05-26,64.0,88.5,76.5,60.5,66.0,29.28,893.0,-9.0,0.0
1314,2014-05-27,59.5,85.0,72.5,63.0,66.5,29.235,894.0,-7.0,0.21
1315,2014-05-28,57.0,72.0,65.0,51.5,57.0,29.32,895.0,1.0,0.03
1316,2014-05-29,55.5,76.5,66.0,53.0,58.0,29.4,896.0,0.0,0.0
1317,2014-05-30,55.0,79.0,67.0,51.0,58.0,29.465,898.0,-1.0,0.0
1318,2014-05-31,57.0,88.5,73.0,51.5,60.5,29.42,899.0,-6.0,0.0
1319,2014-06-01,66.0,91.0,79.0,59.5,67.0,29.275,901.0,-12.0,0.0
1320,2014-06-02,68.5,84.0,76.5,63.5,68.5,29.145,901.0,-11.0,0.14
1321,2014-06-03,68.0,81.5,75.0,51.5,61.0,29.21,903.0,-9.0,0.0
1322,2014-06-04,56.5,71.0,64.0,54.5,58.0,29.155,904.0,2.0,0.19
1323,2014-06-05,54.0,75.5,65.0,43.0,54.0,29.26,906.0,1.0,0.0
1324,2014-06-06,51.5,81.5,66.5,41.0,54.5,29.29,906.0,0.0,0.0
1325,2014-06-07,59.5,84.5,72.5,50.5,59.5,29.205,907.0,-6.0,0.08
1326,2014-06-08,54.5,71.0,63.0,46.0,54.0,29.305,908.0,2.0,0.23
1327,2014-06-09,55.5,78.5,67.5,50.0,56.5,29.265,909.0,-2.0,0.0
1328,2014-06-10,57.5,68.0,63.0,53.5,57.0,29.145,910.0,4.0,1.26
1329,2014-06-11,59.5,68.0,64.0,57.5,60.0,29.025,910.0,3.0,0.52
1330,2014-06-12,60.5,80.5,71.0,57.5,63.0,29.105,911.0,-4.0,0.0
1331,2014-06-13,56.0,75.0,65.5,43.0,53.5,29.29,911.0,0.0,0.0
1332,2014-06-14,54.5,79.5,67.5,43.0,55.5,29.34,912.0,-1.0,0.0
1333,2014-06-15,62.0,85.0,73.5,56.5,64.0,29.205,912.0,-7.0,0.0
1334,2014-06-16,68.0,89.0,79.0,62.5,68.5,29.275,913.0,-13.0,0.0
1335,2014-06-17,78.0,92.0,85.0,66.0,72.0,29.185,913.0,-19.0,0.0
1336,2014-06-18,62.0,83.5,73.0,65.0,68.0,29.265,913.0,-7.0,0.65
1337,2014-06-19,59.5,80.5,70.0,63.5,66.0,29.36,914.0,-4.0,0.32
1338,2014-06-20,64.5,85.5,75.0,65.0,68.5,29.255,914.0,-9.0,0.01
1339,2014-06-21,61.5,84.5,73.0,63.5,66.0,29.235,914.0,-7.0,1.28
1340,2014-06-22,64.5,82.0,73.5,62.5,65.5,29.195,914.0,-8.0,0.0
1341,2014-06-23,67.5,82.5,75.5,67.0,69.5,29.145,914.0,-9.0,0.05
1342,2014-06-24,70.0,86.0,78.5,67.5,70.5,29.18,914.0,-14.0,0.41
1343,2014-06-25,60.5,79.5,70.5,60.5,63.0,29.31,914.0,-5.0,0.0
1344,2014-06-26,59.5,77.5,69.0,58.5,62.0,29.36,913.0,-4.0,0.0
1345,2014-06-27,60.5,89.5,75.5,63.5,68.5,29.31,913.0,-9.0,0.0
1346,2014-06-28,73.0,87.5,80.5,68.5,71.5,29.27,912.0,-14.0,0.0
1347,2014-06-29,70.0,86.5,78.5,68.5,72.0,29.23,912.0,-12.0,0.07
1348,2014-06-30,67.5,87.5,77.5,69.0,71.5,29.075,912.0,-12.0,2.6
1349,2014-07-01,67.5,82.0,75.0,62.0,66.5,29.05,911.0,-9.0,0.0
1350,2014-07-02,57.0,72.0,64.5,54.5,58.5,29.255,911.0,2.0,0.12
1351,2014-07-03,56.5,75.5,66.0,49.5,57.0,29.44,910.0,-1.0,0.07
1352,2014-07-04,59.0,79.0,69.5,49.0,58.0,29.57,908.0,-4.0,0.0
1353,2014-07-05,61.5,78.0,70.0,54.5,61.0,29.44,908.0,-4.0,0.0
1354,2014-07-06,64.5,88.0,76.5,64.5,69.0,29.135,907.0,-10.0,0.0
1355,2014-07-07,71.5,88.5,80.5,64.5,70.0,29.025,907.0,-15.0,0.63
1356,2014-07-08,68.0,82.5,75.5,60.5,66.5,29.04,905.0,-9.0,0.54
1357,2014-07-09,63.0,80.5,72.0,56.0,62.5,29.28,904.0,-6.0,0.0
1358,2014-07-10,61.5,78.5,70.5,54.5,61.0,29.455,904.0,-5.0,0.0
1359,2014-07-11,61.5,82.0,72.0,54.0,62.0,29.45,902.0,-6.0,0.01
1360,2014-07-12,70.0,80.5,75.5,67.5,70.5,29.265,901.0,-10.0,0.47
1361,2014-07-13,69.5,85.5,78.0,63.0,68.0,29.21,899.0,-12.0,0.01
1362,2014-07-14,62.5,80.5,72.0,55.5,62.0,29.14,899.0,-6.0,0.2
1363,2014-07-15,56.0,70.5,63.5,51.5,57.0,29.235,897.0,2.0,0.05
1364,2014-07-16,55.5,72.5,64.5,48.5,56.0,29.325,895.0,1.0,0.0
1365,2014-07-17,56.0,78.0,67.0,51.5,58.5,29.4,894.0,-1.0,0.0
1366,2014-07-18,61.5,80.0,71.0,54.0,61.0,29.425,892.0,-4.0,0.0
1367,2014-07-19,59.5,80.0,70.0,54.0,61.5,29.36,890.0,-4.0,0.0
1368,2014-07-20,63.0,83.0,73.0,57.5,64.0,29.34,890.0,-6.0,0.0
1369,2014-07-21,65.5,86.5,76.5,62.0,67.5,29.375,888.0,-10.0,0.0
1370,2014-07-22,70.5,90.5,81.0,68.5,72.5,29.305,886.0,-15.0,0.01
1371,2014-07-23,61.5,75.5,68.5,53.5,59.5,29.44,884.0,-2.0,0.0
1372,2014-07-24,58.5,75.0,67.0,49.5,57.5,29.415,882.0,-1.0,0.0
1373,2014-07-25,57.5,76.0,67.0,55.5,61.0,29.275,880.0,0.0,0.0
1374,2014-07-26,69.0,84.5,77.0,65.0,68.5,29.13,879.0,-11.0,0.0
1375,2014-07-27,65.5,88.0,77.0,60.5,67.0,29.105,877.0,-11.0,0.02
1376,2014-07-28,60.5,73.0,67.0,49.0,57.0,29.355,875.0,-1.0,0.0
1377,2014-07-29,59.0,81.0,70.5,54.0,61.0,29.31,873.0,-5.0,0.01
1378,2014-07-30,60.0,79.5,70.0,56.0,61.0,29.325,871.0,-4.0,0.0
1379,2014-07-31,61.0,84.5,73.0,57.0,63.5,29.33,869.0,-7.0,0.0
1380,2014-08-01,64.5,84.0,74.5,58.0,64.0,29.375,866.0,-9.0,0.15
1381,2014-08-02,61.0,85.0,73.5,54.5,62.0,29.43,864.0,-8.0,0.0
1382,2014-08-03,64.0,87.0,76.0,60.0,66.0,29.41,862.0,-10.0,0.0
1383,2014-08-04,67.5,87.5,77.5,62.0,67.0,29.365,860.0,-12.0,2.76
1384,2014-08-05,66.0,80.0,73.0,64.0,67.0,29.34,858.0,-7.0,0.0
1385,2014-08-06,63.5,80.5,72.0,55.5,62.5,29.365,856.0,-6.0,0.0
1386,2014-08-07,65.0,81.0,73.0,58.5,64.5,29.37,853.0,-6.0,0.0
1387,2014-08-08,68.0,82.0,75.0,58.5,65.0,29.365,851.0,-9.0,0.0
1388,2014-08-09,67.0,80.0,73.5,58.0,64.0,29.365,849.0,-8.0,0.0
1389,2014-08-10,70.0,81.5,76.0,60.5,66.0,29.305,846.0,-10.0,0.0
1390,2014-08-11,67.5,83.0,75.5,65.0,68.0,29.14,844.0,-10.0,0.85
1391,2014-08-12,62.0,70.0,66.5,57.0,60.5,29.2,842.0,-1.0,0.07
1392,2014-08-13,58.0,82.5,70.5,57.0,62.0,29.315,839.0,-5.0,0.0
1393,2014-08-14,59.0,72.5,66.0,49.0,57.0,29.38,837.0,0.0,0.0
1394,2014-08-15,53.5,78.5,66.0,50.5,58.5,29.315,835.0,0.0,0.0
1395,2014-08-16,63.0,81.5,72.5,62.5,66.0,29.23,832.0,-7.0,0.0
1396,2014-08-17,65.0,71.5,68.5,62.5,64.5,29.26,830.0,-3.0,0.0
1397,2014-08-18,66.0,84.0,75.0,64.0,67.5,29.15,827.0,-9.0,0.0
1398,2014-08-19,71.0,86.0,79.0,66.5,70.0,29.05,825.0,-13.0,0.09
1399,2014-08-20,67.0,86.5,77.0,65.0,69.5,29.2,822.0,-11.0,0.0
1400,2014-08-21,70.5,81.0,76.0,70.0,71.5,29.235,820.0,-10.0,0.98
1401,2014-08-22,73.0,86.5,80.0,71.5,74.0,29.245,817.0,-14.0,1.58
1402,2014-08-23,69.5,86.5,78.0,70.5,72.5,29.28,814.0,-12.0,0.34
1403,2014-08-24,71.5,88.5,80.0,71.0,73.5,29.295,811.0,-14.0,0.0
1404,2014-08-25,72.0,90.0,81.5,70.0,72.5,29.305,809.0,-15.0,0.01
1405,2014-08-26,60.0,85.5,78.0,66.5,70.0,29.375,806.0,-13.0,0.12
1406,2014-08-27,68.5,81.5,75.5,61.5,66.0,29.43,803.0,-10.0,0.0
1407,2014-08-28,68.0,77.0,72.5,59.0,64.5,29.38,801.0,-7.0,0.0
1408,2014-08-29,72.0,87.0,80.0,68.0,71.0,29.225,798.0,-14.0,0.08
1409,2014-08-30,72.0,84.5,78.5,67.0,70.5,29.18,796.0,-12.0,0.27
1410,2014-08-31,69.5,86.0,78.0,67.0,70.5,29.215,793.0,-12.0,0.0
1411,2014-09-01,72.0,84.0,78.5,67.0,70.5,29.1,790.0,-12.0,0.36
1412,2014-09-02,68.0,83.5,76.0,61.0,66.0,29.21,788.0,-10.0,0.01
1413,2014-09-03,64.0,84.0,74.0,61.0,66.5,29.295,785.0,-7.0,0.0
1414,2014-09-04,72.0,86.0,79.0,67.5,71.0,29.235,782.0,-13.0,0.26
1415,2014-09-05,65.5,88.5,77.0,67.0,70.5,29.305,780.0,-11.0,0.5
1416,2014-09-06,61.0,75.5,68.5,52.5,59.0,29.45,777.0,-3.0,0.0
1417,2014-09-07,56.0,79.5,68.0,51.0,58.5,29.465,774.0,-2.0,0.0
1418,2014-09-08,57.5,78.0,68.0,53.0,60.0,29.36,771.0,-1.0,0.0
1419,2014-09-09,64.5,80.0,72.5,60.5,65.0,29.21,769.0,-6.0,0.01
1420,2014-09-10,57.0,81.0,69.0,62.5,65.5,29.0,766.0,-3.0,1.31
1421,2014-09-11,51.0,57.0,54.0,43.5,48.5,29.485,763.0,12.0,0.0
1422,2014-09-12,45.0,56.0,51.0,45.5,48.0,29.575,761.0,15.0,0.13
1423,2014-09-13,41.5,59.5,50.5,41.0,45.5,29.625,758.0,15.0,0.0
1424,2014-09-14,44.0,66.0,55.5,43.5,50.0,29.53,755.0,11.0,0.0
1425,2014-09-15,52.5,62.0,57.5,49.0,53.0,29.435,752.0,8.0,0.0
1426,2014-09-16,45.5,68.5,57.0,44.5,51.0,29.44,748.0,9.0,0.0
1427,2014-09-17,48.5,71.0,60.0,46.5,53.0,29.325,745.0,6.0,0.0
1428,2014-09-18,53.0,71.0,62.5,53.0,56.5,29.43,741.0,3.0,0.0
1429,2014-09-19,55.0,77.0,66.5,48.5,56.5,29.345,739.0,-1.0,0.0
1430,2014-09-20,63.0,78.5,71.0,61.5,64.5,29.135,736.0,-5.0,0.12
1431,2014-09-21,51.5,69.5,60.5,50.5,55.5,29.285,733.0,5.0,0.0
1432,2014-09-22,47.0,68.0,58.0,44.0,50.5,29.555,730.0,8.0,0.0
1433,2014-09-23,50.5,75.0,63.0,47.0,54.0,29.605,728.0,2.0,0.0
1434,2014-09-24,54.0,77.0,66.0,49.5,56.5,29.6,725.0,-1.0,0.0
1435,2014-09-25,57.0,76.0,66.5,53.0,58.5,29.55,722.0,0.0,0.0
1436,2014-09-26,55.0,80.0,67.5,54.0,59.5,29.54,719.0,0.0,0.0
1437,2014-09-27,57.5,79.0,68.5,55.5,60.5,29.505,717.0,-2.0,0.0
1438,2014-09-28,55.5,78.5,67.5,56.0,60.5,29.41,714.0,-1.0,0.0
1439,2014-09-29,55.0,83.5,69.5,55.5,59.5,29.305,711.0,-3.0,0.01
1440,2014-09-30,49.0,59.5,54.5,48.0,51.0,29.325,708.0,12.0,0.0
1441,2014-10-01,50.5,71.5,61.5,50.5,56.0,29.25,706.0,5.0,0.0
1442,2014-10-02,64.5,73.5,69.5,62.0,64.0,29.065,703.0,-3.0,0.32
1443,2014-10-03,44.5,66.5,55.5,46.0,50.5,28.985,700.0,11.0,0.68
1444,2014-10-04,36.0,48.0,42.0,34.5,40.0,29.035,697.0,24.0,0.06
1445,2014-10-05,39.5,55.5,47.5,35.5,43.0,28.985,694.0,19.0,0.01
1446,2014-10-06,45.0,62.0,54.0,39.0,46.0,28.92,691.0,13.0,0.01
1447,2014-10-07,48.5,67.5,58.0,44.0,50.5,29.03,689.0,8.0,0.0
1448,2014-10-08,46.0,66.0,56.5,35.5,47.0,29.305,686.0,10.0,0.0
1449,2014-10-09,46.5,63.0,55.0,35.0,45.0,29.41,683.0,12.0,0.0
1450,2014-10-10,41.5,58.5,50.5,39.5,45.0,29.46,681.0,16.0,0.0
1451,2014-10-11,38.0,59.5,49.0,35.0,43.0,29.5,678.0,17.0,0.0
1452,2014-10-12,41.5,63.5,53.0,43.0,48.5,29.275,675.0,14.0,0.01
1453,2014-10-13,57.5,69.0,63.5,59.5,61.0,29.0,672.0,3.0,0.64
1454,2014-10-14,53.0,66.0,60.0,58.0,59.0,28.86,669.0,6.0,0.65
1455,2014-10-15,51.5,56.5,54.5,52.0,52.5,29.075,667.0,12.0,0.05
1456,2014-10-16,51.5,57.0,54.5,50.5,52.0,29.055,664.0,12.0,0.0
1457,2014-10-17,48.5,62.5,55.5,47.0,51.0,29.02,661.0,10.0,0.0
1458,2014-10-18,37.5,51.0,44.5,39.0,43.0,29.415,659.0,22.0,0.01
1459,2014-10-19,34.5,55.5,45.5,39.0,43.5,29.35,656.0,21.0,0.0
1460,2014-10-20,48.0,65.5,57.0,45.0,50.0,29.2,653.0,9.0,0.01
1461,2014-10-21,47.0,53.5,50.5,40.0,45.0,29.485,650.0,16.0,0.0
1462,2014-10-22,39.0,56.0,48.0,38.0,43.5,29.59,648.0,19.0,0.0
1463,2014-10-23,38.5,60.5,50.0,40.5,46.0,29.425,645.0,17.0,0.0
1464,2014-10-24,53.0,67.5,60.5,47.0,52.5,29.28,643.0,5.0,0.0
1465,2014-10-25,50.5,73.5,62.5,40.5,51.5,29.24,640.0,4.0,0.0
1466,2014-10-26,43.0,65.0,54.0,32.5,44.5,29.245,637.0,12.0,0.0
1467,2014-10-27,52.5,78.0,65.5,51.5,58.5,28.96,635.0,1.0,0.0
1468,2014-10-28,46.5,67.0,57.0,39.0,47.5,29.19,632.0,8.0,0.0
1469,2014-10-29,38.0,49.0,44.0,33.0,41.0,29.39,630.0,22.0,0.0
1470,2014-10-30,34.5,52.0,43.5,34.5,41.0,29.375,627.0,23.0,0.0
1471,2014-10-31,33.5,48.0,41.0,27.0,34.5,29.515,624.0,25.0,0.03
